[2025-11-01 20:33:01] [INFO    ] [req:N/A] [root:152] ================================================================================
[2025-11-01 20:33:01] [INFO    ] [req:N/A] [root:153] Logging initialized - Level: INFO, File: /Users/mayursuhasiya/Desktop/Projects/ai-youtuber-studio/backend/logs/app.log
[2025-11-01 20:33:01] [INFO    ] [req:N/A] [root:154] ================================================================================
[2025-11-01 20:33:03] [INFO    ] [req:N/A] [root:152] ================================================================================
[2025-11-01 20:33:03] [INFO    ] [req:N/A] [root:153] Logging initialized - Level: INFO, File: /Users/mayursuhasiya/Desktop/Projects/ai-youtuber-studio/backend/logs/app.log
[2025-11-01 20:33:03] [INFO    ] [req:N/A] [root:154] ================================================================================
[2025-11-01 20:33:03] [INFO    ] [req:N/A] [app.main:20] FastAPI application initialized
[2025-11-01 20:33:03] [INFO    ] [req:N/A] [app.main:90] All API routers registered
[2025-11-01 20:33:03] [INFO    ] [req:N/A] [app.main:94] Redis client initialized: redis://127.0.0.1:16379/0
[2025-11-01 20:33:03] [INFO    ] [req:N/A] [app.main:101] ================================================================================
[2025-11-01 20:33:03] [INFO    ] [req:N/A] [app.main:102] AI YouTuber Studio Backend - Starting Up
[2025-11-01 20:33:03] [INFO    ] [req:N/A] [app.main:103] Environment: development
[2025-11-01 20:33:03] [INFO    ] [req:N/A] [app.main:104] CORS Origins: ['http://localhost:3000', 'http://localhost:5173']
[2025-11-01 20:33:03] [INFO    ] [req:N/A] [app.main:105] ================================================================================
[2025-11-01 20:33:17] [INFO    ] [req:N/A] [app.main:111] ================================================================================
[2025-11-01 20:33:17] [INFO    ] [req:N/A] [app.main:112] AI YouTuber Studio Backend - Shutting Down
[2025-11-01 20:33:17] [INFO    ] [req:N/A] [app.main:113] ================================================================================
[2025-11-01 20:33:21] [INFO    ] [req:N/A] [root:152] ================================================================================
[2025-11-01 20:33:21] [INFO    ] [req:N/A] [root:153] Logging initialized - Level: INFO, File: /Users/mayursuhasiya/Desktop/Projects/ai-youtuber-studio/backend/logs/app.log
[2025-11-01 20:33:21] [INFO    ] [req:N/A] [root:154] ================================================================================
[2025-11-01 20:33:23] [INFO    ] [req:N/A] [root:152] ================================================================================
[2025-11-01 20:33:23] [INFO    ] [req:N/A] [root:153] Logging initialized - Level: INFO, File: /Users/mayursuhasiya/Desktop/Projects/ai-youtuber-studio/backend/logs/app.log
[2025-11-01 20:33:23] [INFO    ] [req:N/A] [root:154] ================================================================================
[2025-11-01 20:33:23] [INFO    ] [req:N/A] [app.main:20] FastAPI application initialized
[2025-11-01 20:33:23] [INFO    ] [req:N/A] [app.main:90] All API routers registered
[2025-11-01 20:33:23] [INFO    ] [req:N/A] [app.main:94] Redis client initialized: redis://127.0.0.1:16379/0
[2025-11-01 20:33:23] [INFO    ] [req:N/A] [app.main:101] ================================================================================
[2025-11-01 20:33:23] [INFO    ] [req:N/A] [app.main:102] AI YouTuber Studio Backend - Starting Up
[2025-11-01 20:33:23] [INFO    ] [req:N/A] [app.main:103] Environment: development
[2025-11-01 20:33:23] [INFO    ] [req:N/A] [app.main:104] CORS Origins: ['http://localhost:3000', 'http://localhost:5173']
[2025-11-01 20:33:23] [INFO    ] [req:N/A] [app.main:105] ================================================================================
[2025-11-01 20:33:24] [INFO    ] [req:N/A] [app.main:111] ================================================================================
[2025-11-01 20:33:24] [INFO    ] [req:N/A] [app.main:112] AI YouTuber Studio Backend - Shutting Down
[2025-11-01 20:33:24] [INFO    ] [req:N/A] [app.main:113] ================================================================================
[2025-11-01 20:33:27] [INFO    ] [req:N/A] [root:152] ================================================================================
[2025-11-01 20:33:27] [INFO    ] [req:N/A] [root:153] Logging initialized - Level: INFO, File: /Users/mayursuhasiya/Desktop/Projects/ai-youtuber-studio/backend/logs/app.log
[2025-11-01 20:33:27] [INFO    ] [req:N/A] [root:154] ================================================================================
[2025-11-01 20:33:29] [INFO    ] [req:N/A] [root:152] ================================================================================
[2025-11-01 20:33:29] [INFO    ] [req:N/A] [root:153] Logging initialized - Level: INFO, File: /Users/mayursuhasiya/Desktop/Projects/ai-youtuber-studio/backend/logs/app.log
[2025-11-01 20:33:29] [INFO    ] [req:N/A] [root:154] ================================================================================
[2025-11-01 20:33:29] [INFO    ] [req:N/A] [app.main:20] FastAPI application initialized
[2025-11-01 20:33:29] [INFO    ] [req:N/A] [app.main:90] All API routers registered
[2025-11-01 20:33:29] [INFO    ] [req:N/A] [app.main:94] Redis client initialized: redis://127.0.0.1:16379/0
[2025-11-01 20:33:29] [INFO    ] [req:N/A] [app.main:101] ================================================================================
[2025-11-01 20:33:29] [INFO    ] [req:N/A] [app.main:102] AI YouTuber Studio Backend - Starting Up
[2025-11-01 20:33:29] [INFO    ] [req:N/A] [app.main:103] Environment: development
[2025-11-01 20:33:29] [INFO    ] [req:N/A] [app.main:104] CORS Origins: ['http://localhost:3000', 'http://localhost:5173']
[2025-11-01 20:33:29] [INFO    ] [req:N/A] [app.main:105] ================================================================================
[2025-11-01 20:33:30] [INFO    ] [req:N/A] [app.main:111] ================================================================================
[2025-11-01 20:33:30] [INFO    ] [req:N/A] [app.main:112] AI YouTuber Studio Backend - Shutting Down
[2025-11-01 20:33:30] [INFO    ] [req:N/A] [app.main:113] ================================================================================
[2025-11-01 20:33:34] [INFO    ] [req:N/A] [root:152] ================================================================================
[2025-11-01 20:33:34] [INFO    ] [req:N/A] [root:153] Logging initialized - Level: INFO, File: /Users/mayursuhasiya/Desktop/Projects/ai-youtuber-studio/backend/logs/app.log
[2025-11-01 20:33:34] [INFO    ] [req:N/A] [root:154] ================================================================================
[2025-11-01 20:33:36] [INFO    ] [req:N/A] [root:152] ================================================================================
[2025-11-01 20:33:36] [INFO    ] [req:N/A] [root:153] Logging initialized - Level: INFO, File: /Users/mayursuhasiya/Desktop/Projects/ai-youtuber-studio/backend/logs/app.log
[2025-11-01 20:33:36] [INFO    ] [req:N/A] [root:154] ================================================================================
[2025-11-01 20:33:36] [INFO    ] [req:N/A] [app.main:20] FastAPI application initialized
[2025-11-01 20:33:36] [INFO    ] [req:N/A] [app.main:90] All API routers registered
[2025-11-01 20:33:36] [INFO    ] [req:N/A] [app.main:94] Redis client initialized: redis://127.0.0.1:16379/0
[2025-11-01 20:33:36] [INFO    ] [req:N/A] [app.main:101] ================================================================================
[2025-11-01 20:33:36] [INFO    ] [req:N/A] [app.main:102] AI YouTuber Studio Backend - Starting Up
[2025-11-01 20:33:36] [INFO    ] [req:N/A] [app.main:103] Environment: development
[2025-11-01 20:33:36] [INFO    ] [req:N/A] [app.main:104] CORS Origins: ['http://localhost:3000', 'http://localhost:5173']
[2025-11-01 20:33:36] [INFO    ] [req:N/A] [app.main:105] ================================================================================
[2025-11-01 20:33:42] [INFO    ] [req:N/A] [app.main:111] ================================================================================
[2025-11-01 20:33:42] [INFO    ] [req:N/A] [app.main:112] AI YouTuber Studio Backend - Shutting Down
[2025-11-01 20:33:42] [INFO    ] [req:N/A] [app.main:113] ================================================================================
[2025-11-01 20:33:46] [INFO    ] [req:N/A] [root:152] ================================================================================
[2025-11-01 20:33:46] [INFO    ] [req:N/A] [root:153] Logging initialized - Level: INFO, File: /Users/mayursuhasiya/Desktop/Projects/ai-youtuber-studio/backend/logs/app.log
[2025-11-01 20:33:46] [INFO    ] [req:N/A] [root:154] ================================================================================
[2025-11-01 20:33:48] [INFO    ] [req:N/A] [root:152] ================================================================================
[2025-11-01 20:33:48] [INFO    ] [req:N/A] [root:153] Logging initialized - Level: INFO, File: /Users/mayursuhasiya/Desktop/Projects/ai-youtuber-studio/backend/logs/app.log
[2025-11-01 20:33:48] [INFO    ] [req:N/A] [root:154] ================================================================================
[2025-11-01 20:33:48] [INFO    ] [req:N/A] [app.main:20] FastAPI application initialized
[2025-11-01 20:33:48] [INFO    ] [req:N/A] [app.main:90] All API routers registered
[2025-11-01 20:33:48] [INFO    ] [req:N/A] [app.main:94] Redis client initialized: redis://127.0.0.1:16379/0
[2025-11-01 20:33:48] [INFO    ] [req:N/A] [app.main:101] ================================================================================
[2025-11-01 20:33:48] [INFO    ] [req:N/A] [app.main:102] AI YouTuber Studio Backend - Starting Up
[2025-11-01 20:33:48] [INFO    ] [req:N/A] [app.main:103] Environment: development
[2025-11-01 20:33:48] [INFO    ] [req:N/A] [app.main:104] CORS Origins: ['http://localhost:3000', 'http://localhost:5173']
[2025-11-01 20:33:48] [INFO    ] [req:N/A] [app.main:105] ================================================================================
[2025-11-01 20:33:49] [INFO    ] [req:N/A] [app.main:111] ================================================================================
[2025-11-01 20:33:49] [INFO    ] [req:N/A] [app.main:112] AI YouTuber Studio Backend - Shutting Down
[2025-11-01 20:33:49] [INFO    ] [req:N/A] [app.main:113] ================================================================================
[2025-11-01 20:33:52] [INFO    ] [req:N/A] [root:152] ================================================================================
[2025-11-01 20:33:52] [INFO    ] [req:N/A] [root:153] Logging initialized - Level: INFO, File: /Users/mayursuhasiya/Desktop/Projects/ai-youtuber-studio/backend/logs/app.log
[2025-11-01 20:33:52] [INFO    ] [req:N/A] [root:154] ================================================================================
[2025-11-01 20:33:54] [INFO    ] [req:N/A] [root:152] ================================================================================
[2025-11-01 20:33:54] [INFO    ] [req:N/A] [root:153] Logging initialized - Level: INFO, File: /Users/mayursuhasiya/Desktop/Projects/ai-youtuber-studio/backend/logs/app.log
[2025-11-01 20:33:54] [INFO    ] [req:N/A] [root:154] ================================================================================
[2025-11-01 20:33:54] [INFO    ] [req:N/A] [app.main:20] FastAPI application initialized
[2025-11-01 20:33:54] [INFO    ] [req:N/A] [app.main:90] All API routers registered
[2025-11-01 20:33:54] [INFO    ] [req:N/A] [app.main:94] Redis client initialized: redis://127.0.0.1:16379/0
[2025-11-01 20:33:54] [INFO    ] [req:N/A] [app.main:101] ================================================================================
[2025-11-01 20:33:54] [INFO    ] [req:N/A] [app.main:102] AI YouTuber Studio Backend - Starting Up
[2025-11-01 20:33:54] [INFO    ] [req:N/A] [app.main:103] Environment: development
[2025-11-01 20:33:54] [INFO    ] [req:N/A] [app.main:104] CORS Origins: ['http://localhost:3000', 'http://localhost:5173']
[2025-11-01 20:33:54] [INFO    ] [req:N/A] [app.main:105] ================================================================================
[2025-11-01 20:33:58] [INFO    ] [req:N/A] [root:152] ================================================================================
[2025-11-01 20:33:58] [INFO    ] [req:N/A] [root:153] Logging initialized - Level: INFO, File: /Users/mayursuhasiya/Desktop/Projects/ai-youtuber-studio/backend/logs/app.log
[2025-11-01 20:33:58] [INFO    ] [req:N/A] [root:154] ================================================================================
[2025-11-01 20:34:00] [INFO    ] [req:N/A] [root:152] ================================================================================
[2025-11-01 20:34:00] [INFO    ] [req:N/A] [root:153] Logging initialized - Level: INFO, File: /Users/mayursuhasiya/Desktop/Projects/ai-youtuber-studio/backend/logs/app.log
[2025-11-01 20:34:00] [INFO    ] [req:N/A] [root:154] ================================================================================
[2025-11-01 20:34:00] [INFO    ] [req:N/A] [app.main:20] FastAPI application initialized
[2025-11-01 20:34:00] [INFO    ] [req:N/A] [app.main:90] All API routers registered
[2025-11-01 20:34:00] [INFO    ] [req:N/A] [app.main:94] Redis client initialized: redis://127.0.0.1:16379/0
[2025-11-01 20:34:00] [INFO    ] [req:N/A] [app.main:101] ================================================================================
[2025-11-01 20:34:00] [INFO    ] [req:N/A] [app.main:102] AI YouTuber Studio Backend - Starting Up
[2025-11-01 20:34:00] [INFO    ] [req:N/A] [app.main:103] Environment: development
[2025-11-01 20:34:00] [INFO    ] [req:N/A] [app.main:104] CORS Origins: ['http://localhost:3000', 'http://localhost:5173']
[2025-11-01 20:34:00] [INFO    ] [req:N/A] [app.main:105] ================================================================================
[2025-11-01 20:34:04] [INFO    ] [req:N/A] [root:152] ================================================================================
[2025-11-01 20:34:04] [INFO    ] [req:N/A] [root:153] Logging initialized - Level: INFO, File: /Users/mayursuhasiya/Desktop/Projects/ai-youtuber-studio/backend/logs/app.log
[2025-11-01 20:34:04] [INFO    ] [req:N/A] [root:154] ================================================================================
[2025-11-01 20:34:06] [INFO    ] [req:N/A] [root:152] ================================================================================
[2025-11-01 20:34:06] [INFO    ] [req:N/A] [root:153] Logging initialized - Level: INFO, File: /Users/mayursuhasiya/Desktop/Projects/ai-youtuber-studio/backend/logs/app.log
[2025-11-01 20:34:06] [INFO    ] [req:N/A] [root:154] ================================================================================
[2025-11-01 20:34:06] [INFO    ] [req:N/A] [app.main:20] FastAPI application initialized
[2025-11-01 20:34:06] [INFO    ] [req:N/A] [app.main:90] All API routers registered
[2025-11-01 20:34:06] [INFO    ] [req:N/A] [app.main:94] Redis client initialized: redis://127.0.0.1:16379/0
[2025-11-01 20:34:06] [INFO    ] [req:N/A] [app.main:101] ================================================================================
[2025-11-01 20:34:06] [INFO    ] [req:N/A] [app.main:102] AI YouTuber Studio Backend - Starting Up
[2025-11-01 20:34:06] [INFO    ] [req:N/A] [app.main:103] Environment: development
[2025-11-01 20:34:06] [INFO    ] [req:N/A] [app.main:104] CORS Origins: ['http://localhost:3000', 'http://localhost:5173']
[2025-11-01 20:34:06] [INFO    ] [req:N/A] [app.main:105] ================================================================================
[2025-11-01 20:34:09] [INFO    ] [req:N/A] [root:152] ================================================================================
[2025-11-01 20:34:09] [INFO    ] [req:N/A] [root:153] Logging initialized - Level: INFO, File: /Users/mayursuhasiya/Desktop/Projects/ai-youtuber-studio/backend/logs/app.log
[2025-11-01 20:34:09] [INFO    ] [req:N/A] [root:154] ================================================================================
[2025-11-01 20:34:11] [INFO    ] [req:N/A] [root:152] ================================================================================
[2025-11-01 20:34:11] [INFO    ] [req:N/A] [root:153] Logging initialized - Level: INFO, File: /Users/mayursuhasiya/Desktop/Projects/ai-youtuber-studio/backend/logs/app.log
[2025-11-01 20:34:11] [INFO    ] [req:N/A] [root:154] ================================================================================
[2025-11-01 20:34:11] [INFO    ] [req:N/A] [app.main:20] FastAPI application initialized
[2025-11-01 20:34:11] [INFO    ] [req:N/A] [app.main:90] All API routers registered
[2025-11-01 20:34:11] [INFO    ] [req:N/A] [app.main:94] Redis client initialized: redis://127.0.0.1:16379/0
[2025-11-01 20:34:11] [INFO    ] [req:N/A] [app.main:101] ================================================================================
[2025-11-01 20:34:11] [INFO    ] [req:N/A] [app.main:102] AI YouTuber Studio Backend - Starting Up
[2025-11-01 20:34:11] [INFO    ] [req:N/A] [app.main:103] Environment: development
[2025-11-01 20:34:11] [INFO    ] [req:N/A] [app.main:104] CORS Origins: ['http://localhost:3000', 'http://localhost:5173']
[2025-11-01 20:34:11] [INFO    ] [req:N/A] [app.main:105] ================================================================================
[2025-11-01 20:34:15] [INFO    ] [req:N/A] [root:152] ================================================================================
[2025-11-01 20:34:15] [INFO    ] [req:N/A] [root:153] Logging initialized - Level: INFO, File: /Users/mayursuhasiya/Desktop/Projects/ai-youtuber-studio/backend/logs/app.log
[2025-11-01 20:34:15] [INFO    ] [req:N/A] [root:154] ================================================================================
[2025-11-01 20:34:17] [INFO    ] [req:N/A] [root:152] ================================================================================
[2025-11-01 20:34:17] [INFO    ] [req:N/A] [root:153] Logging initialized - Level: INFO, File: /Users/mayursuhasiya/Desktop/Projects/ai-youtuber-studio/backend/logs/app.log
[2025-11-01 20:34:17] [INFO    ] [req:N/A] [root:154] ================================================================================
[2025-11-01 20:34:17] [INFO    ] [req:N/A] [app.main:20] FastAPI application initialized
[2025-11-01 20:34:17] [INFO    ] [req:N/A] [app.main:90] All API routers registered
[2025-11-01 20:34:17] [INFO    ] [req:N/A] [app.main:94] Redis client initialized: redis://127.0.0.1:16379/0
[2025-11-01 20:34:17] [INFO    ] [req:N/A] [app.main:101] ================================================================================
[2025-11-01 20:34:17] [INFO    ] [req:N/A] [app.main:102] AI YouTuber Studio Backend - Starting Up
[2025-11-01 20:34:17] [INFO    ] [req:N/A] [app.main:103] Environment: development
[2025-11-01 20:34:17] [INFO    ] [req:N/A] [app.main:104] CORS Origins: ['http://localhost:3000', 'http://localhost:5173']
[2025-11-01 20:34:17] [INFO    ] [req:N/A] [app.main:105] ================================================================================
[2025-11-01 20:34:20] [INFO    ] [req:N/A] [root:152] ================================================================================
[2025-11-01 20:34:20] [INFO    ] [req:N/A] [root:153] Logging initialized - Level: INFO, File: /Users/mayursuhasiya/Desktop/Projects/ai-youtuber-studio/backend/logs/app.log
[2025-11-01 20:34:20] [INFO    ] [req:N/A] [root:154] ================================================================================
[2025-11-01 20:34:22] [INFO    ] [req:N/A] [root:152] ================================================================================
[2025-11-01 20:34:22] [INFO    ] [req:N/A] [root:153] Logging initialized - Level: INFO, File: /Users/mayursuhasiya/Desktop/Projects/ai-youtuber-studio/backend/logs/app.log
[2025-11-01 20:34:22] [INFO    ] [req:N/A] [root:154] ================================================================================
[2025-11-01 20:34:22] [INFO    ] [req:N/A] [app.main:20] FastAPI application initialized
[2025-11-01 20:34:22] [INFO    ] [req:N/A] [app.main:90] All API routers registered
[2025-11-01 20:34:22] [INFO    ] [req:N/A] [app.main:94] Redis client initialized: redis://127.0.0.1:16379/0
[2025-11-01 20:34:22] [INFO    ] [req:N/A] [app.main:101] ================================================================================
[2025-11-01 20:34:22] [INFO    ] [req:N/A] [app.main:102] AI YouTuber Studio Backend - Starting Up
[2025-11-01 20:34:22] [INFO    ] [req:N/A] [app.main:103] Environment: development
[2025-11-01 20:34:22] [INFO    ] [req:N/A] [app.main:104] CORS Origins: ['http://localhost:3000', 'http://localhost:5173']
[2025-11-01 20:34:22] [INFO    ] [req:N/A] [app.main:105] ================================================================================
[2025-11-01 20:34:26] [INFO    ] [req:N/A] [root:152] ================================================================================
[2025-11-01 20:34:26] [INFO    ] [req:N/A] [root:153] Logging initialized - Level: INFO, File: /Users/mayursuhasiya/Desktop/Projects/ai-youtuber-studio/backend/logs/app.log
[2025-11-01 20:34:26] [INFO    ] [req:N/A] [root:154] ================================================================================
[2025-11-01 20:34:28] [INFO    ] [req:N/A] [root:152] ================================================================================
[2025-11-01 20:34:28] [INFO    ] [req:N/A] [root:153] Logging initialized - Level: INFO, File: /Users/mayursuhasiya/Desktop/Projects/ai-youtuber-studio/backend/logs/app.log
[2025-11-01 20:34:28] [INFO    ] [req:N/A] [root:154] ================================================================================
[2025-11-01 20:34:28] [INFO    ] [req:N/A] [app.main:20] FastAPI application initialized
[2025-11-01 20:34:28] [INFO    ] [req:N/A] [app.main:90] All API routers registered
[2025-11-01 20:34:28] [INFO    ] [req:N/A] [app.main:94] Redis client initialized: redis://127.0.0.1:16379/0
[2025-11-01 20:34:28] [INFO    ] [req:N/A] [app.main:101] ================================================================================
[2025-11-01 20:34:28] [INFO    ] [req:N/A] [app.main:102] AI YouTuber Studio Backend - Starting Up
[2025-11-01 20:34:28] [INFO    ] [req:N/A] [app.main:103] Environment: development
[2025-11-01 20:34:28] [INFO    ] [req:N/A] [app.main:104] CORS Origins: ['http://localhost:3000', 'http://localhost:5173']
[2025-11-01 20:34:28] [INFO    ] [req:N/A] [app.main:105] ================================================================================
[2025-11-01 20:34:31] [INFO    ] [req:N/A] [root:152] ================================================================================
[2025-11-01 20:34:31] [INFO    ] [req:N/A] [root:153] Logging initialized - Level: INFO, File: /Users/mayursuhasiya/Desktop/Projects/ai-youtuber-studio/backend/logs/app.log
[2025-11-01 20:34:31] [INFO    ] [req:N/A] [root:154] ================================================================================
[2025-11-01 20:34:33] [INFO    ] [req:N/A] [root:152] ================================================================================
[2025-11-01 20:34:33] [INFO    ] [req:N/A] [root:153] Logging initialized - Level: INFO, File: /Users/mayursuhasiya/Desktop/Projects/ai-youtuber-studio/backend/logs/app.log
[2025-11-01 20:34:33] [INFO    ] [req:N/A] [root:154] ================================================================================
[2025-11-01 20:34:33] [INFO    ] [req:N/A] [app.main:20] FastAPI application initialized
[2025-11-01 20:34:33] [INFO    ] [req:N/A] [app.main:90] All API routers registered
[2025-11-01 20:34:33] [INFO    ] [req:N/A] [app.main:94] Redis client initialized: redis://127.0.0.1:16379/0
[2025-11-01 20:34:33] [INFO    ] [req:N/A] [app.main:101] ================================================================================
[2025-11-01 20:34:33] [INFO    ] [req:N/A] [app.main:102] AI YouTuber Studio Backend - Starting Up
[2025-11-01 20:34:33] [INFO    ] [req:N/A] [app.main:103] Environment: development
[2025-11-01 20:34:33] [INFO    ] [req:N/A] [app.main:104] CORS Origins: ['http://localhost:3000', 'http://localhost:5173']
[2025-11-01 20:34:33] [INFO    ] [req:N/A] [app.main:105] ================================================================================
[2025-11-01 20:34:41] [INFO    ] [req:N/A] [app.main:111] ================================================================================
[2025-11-01 20:34:41] [INFO    ] [req:N/A] [app.main:112] AI YouTuber Studio Backend - Shutting Down
[2025-11-01 20:34:41] [INFO    ] [req:N/A] [app.main:113] ================================================================================
[2025-11-01 20:34:45] [INFO    ] [req:N/A] [root:152] ================================================================================
[2025-11-01 20:34:45] [INFO    ] [req:N/A] [root:153] Logging initialized - Level: INFO, File: /Users/mayursuhasiya/Desktop/Projects/ai-youtuber-studio/backend/logs/app.log
[2025-11-01 20:34:45] [INFO    ] [req:N/A] [root:154] ================================================================================
[2025-11-01 20:34:47] [INFO    ] [req:N/A] [root:152] ================================================================================
[2025-11-01 20:34:47] [INFO    ] [req:N/A] [root:153] Logging initialized - Level: INFO, File: /Users/mayursuhasiya/Desktop/Projects/ai-youtuber-studio/backend/logs/app.log
[2025-11-01 20:34:47] [INFO    ] [req:N/A] [root:154] ================================================================================
[2025-11-01 20:34:47] [INFO    ] [req:N/A] [app.main:20] FastAPI application initialized
[2025-11-01 20:34:47] [INFO    ] [req:N/A] [app.main:90] All API routers registered
[2025-11-01 20:34:47] [INFO    ] [req:N/A] [app.main:94] Redis client initialized: redis://127.0.0.1:16379/0
[2025-11-01 20:34:47] [INFO    ] [req:N/A] [app.main:101] ================================================================================
[2025-11-01 20:34:47] [INFO    ] [req:N/A] [app.main:102] AI YouTuber Studio Backend - Starting Up
[2025-11-01 20:34:47] [INFO    ] [req:N/A] [app.main:103] Environment: development
[2025-11-01 20:34:47] [INFO    ] [req:N/A] [app.main:104] CORS Origins: ['http://localhost:3000', 'http://localhost:5173']
[2025-11-01 20:34:47] [INFO    ] [req:N/A] [app.main:105] ================================================================================
[2025-11-01 20:34:51] [INFO    ] [req:N/A] [root:152] ================================================================================
[2025-11-01 20:34:51] [INFO    ] [req:N/A] [root:153] Logging initialized - Level: INFO, File: /Users/mayursuhasiya/Desktop/Projects/ai-youtuber-studio/backend/logs/app.log
[2025-11-01 20:34:51] [INFO    ] [req:N/A] [root:154] ================================================================================
[2025-11-01 20:34:53] [INFO    ] [req:N/A] [root:152] ================================================================================
[2025-11-01 20:34:53] [INFO    ] [req:N/A] [root:153] Logging initialized - Level: INFO, File: /Users/mayursuhasiya/Desktop/Projects/ai-youtuber-studio/backend/logs/app.log
[2025-11-01 20:34:53] [INFO    ] [req:N/A] [root:154] ================================================================================
[2025-11-01 20:34:53] [INFO    ] [req:N/A] [app.main:20] FastAPI application initialized
[2025-11-01 20:34:53] [INFO    ] [req:N/A] [app.main:90] All API routers registered
[2025-11-01 20:34:53] [INFO    ] [req:N/A] [app.main:94] Redis client initialized: redis://127.0.0.1:16379/0
[2025-11-01 20:34:53] [INFO    ] [req:N/A] [app.main:101] ================================================================================
[2025-11-01 20:34:53] [INFO    ] [req:N/A] [app.main:102] AI YouTuber Studio Backend - Starting Up
[2025-11-01 20:34:53] [INFO    ] [req:N/A] [app.main:103] Environment: development
[2025-11-01 20:34:53] [INFO    ] [req:N/A] [app.main:104] CORS Origins: ['http://localhost:3000', 'http://localhost:5173']
[2025-11-01 20:34:53] [INFO    ] [req:N/A] [app.main:105] ================================================================================
[2025-11-01 20:34:58] [INFO    ] [req:N/A] [app.main:111] ================================================================================
[2025-11-01 20:34:58] [INFO    ] [req:N/A] [app.main:112] AI YouTuber Studio Backend - Shutting Down
[2025-11-01 20:34:58] [INFO    ] [req:N/A] [app.main:113] ================================================================================
[2025-11-01 20:35:01] [INFO    ] [req:N/A] [root:152] ================================================================================
[2025-11-01 20:35:01] [INFO    ] [req:N/A] [root:153] Logging initialized - Level: INFO, File: /Users/mayursuhasiya/Desktop/Projects/ai-youtuber-studio/backend/logs/app.log
[2025-11-01 20:35:01] [INFO    ] [req:N/A] [root:154] ================================================================================
[2025-11-01 20:35:03] [INFO    ] [req:N/A] [root:152] ================================================================================
[2025-11-01 20:35:03] [INFO    ] [req:N/A] [root:153] Logging initialized - Level: INFO, File: /Users/mayursuhasiya/Desktop/Projects/ai-youtuber-studio/backend/logs/app.log
[2025-11-01 20:35:03] [INFO    ] [req:N/A] [root:154] ================================================================================
[2025-11-01 20:35:03] [INFO    ] [req:N/A] [app.main:20] FastAPI application initialized
[2025-11-01 20:35:03] [INFO    ] [req:N/A] [app.main:90] All API routers registered
[2025-11-01 20:35:03] [INFO    ] [req:N/A] [app.main:94] Redis client initialized: redis://127.0.0.1:16379/0
[2025-11-01 20:35:03] [INFO    ] [req:N/A] [app.main:101] ================================================================================
[2025-11-01 20:35:03] [INFO    ] [req:N/A] [app.main:102] AI YouTuber Studio Backend - Starting Up
[2025-11-01 20:35:03] [INFO    ] [req:N/A] [app.main:103] Environment: development
[2025-11-01 20:35:03] [INFO    ] [req:N/A] [app.main:104] CORS Origins: ['http://localhost:3000', 'http://localhost:5173']
[2025-11-01 20:35:03] [INFO    ] [req:N/A] [app.main:105] ================================================================================
[2025-11-01 20:35:15] [INFO    ] [req:N/A] [app.main:111] ================================================================================
[2025-11-01 20:35:15] [INFO    ] [req:N/A] [app.main:112] AI YouTuber Studio Backend - Shutting Down
[2025-11-01 20:35:15] [INFO    ] [req:N/A] [app.main:113] ================================================================================
[2025-11-01 20:35:19] [INFO    ] [req:N/A] [root:152] ================================================================================
[2025-11-01 20:35:19] [INFO    ] [req:N/A] [root:153] Logging initialized - Level: INFO, File: /Users/mayursuhasiya/Desktop/Projects/ai-youtuber-studio/backend/logs/app.log
[2025-11-01 20:35:19] [INFO    ] [req:N/A] [root:154] ================================================================================
[2025-11-01 20:35:21] [INFO    ] [req:N/A] [root:152] ================================================================================
[2025-11-01 20:35:21] [INFO    ] [req:N/A] [root:153] Logging initialized - Level: INFO, File: /Users/mayursuhasiya/Desktop/Projects/ai-youtuber-studio/backend/logs/app.log
[2025-11-01 20:35:21] [INFO    ] [req:N/A] [root:154] ================================================================================
[2025-11-01 20:35:21] [INFO    ] [req:N/A] [app.main:20] FastAPI application initialized
[2025-11-01 20:35:21] [INFO    ] [req:N/A] [app.main:90] All API routers registered
[2025-11-01 20:35:21] [INFO    ] [req:N/A] [app.main:94] Redis client initialized: redis://127.0.0.1:16379/0
[2025-11-01 20:35:21] [INFO    ] [req:N/A] [app.main:101] ================================================================================
[2025-11-01 20:35:21] [INFO    ] [req:N/A] [app.main:102] AI YouTuber Studio Backend - Starting Up
[2025-11-01 20:35:21] [INFO    ] [req:N/A] [app.main:103] Environment: development
[2025-11-01 20:35:21] [INFO    ] [req:N/A] [app.main:104] CORS Origins: ['http://localhost:3000', 'http://localhost:5173']
[2025-11-01 20:35:21] [INFO    ] [req:N/A] [app.main:105] ================================================================================
[2025-11-01 20:35:34] [INFO    ] [req:N/A] [app.main:111] ================================================================================
[2025-11-01 20:35:34] [INFO    ] [req:N/A] [app.main:112] AI YouTuber Studio Backend - Shutting Down
[2025-11-01 20:35:34] [INFO    ] [req:N/A] [app.main:113] ================================================================================
[2025-11-01 20:35:37] [INFO    ] [req:N/A] [root:152] ================================================================================
[2025-11-01 20:35:37] [INFO    ] [req:N/A] [root:153] Logging initialized - Level: INFO, File: /Users/mayursuhasiya/Desktop/Projects/ai-youtuber-studio/backend/logs/app.log
[2025-11-01 20:35:37] [INFO    ] [req:N/A] [root:154] ================================================================================
[2025-11-01 20:35:39] [INFO    ] [req:N/A] [root:152] ================================================================================
[2025-11-01 20:35:39] [INFO    ] [req:N/A] [root:153] Logging initialized - Level: INFO, File: /Users/mayursuhasiya/Desktop/Projects/ai-youtuber-studio/backend/logs/app.log
[2025-11-01 20:35:39] [INFO    ] [req:N/A] [root:154] ================================================================================
[2025-11-01 20:35:39] [INFO    ] [req:N/A] [app.main:20] FastAPI application initialized
[2025-11-01 20:35:40] [INFO    ] [req:N/A] [app.main:90] All API routers registered
[2025-11-01 20:35:40] [INFO    ] [req:N/A] [app.main:94] Redis client initialized: redis://127.0.0.1:16379/0
[2025-11-01 20:35:40] [INFO    ] [req:N/A] [app.main:101] ================================================================================
[2025-11-01 20:35:40] [INFO    ] [req:N/A] [app.main:102] AI YouTuber Studio Backend - Starting Up
[2025-11-01 20:35:40] [INFO    ] [req:N/A] [app.main:103] Environment: development
[2025-11-01 20:35:40] [INFO    ] [req:N/A] [app.main:104] CORS Origins: ['http://localhost:3000', 'http://localhost:5173']
[2025-11-01 20:35:40] [INFO    ] [req:N/A] [app.main:105] ================================================================================
[2025-11-01 20:35:42] [INFO    ] [req:N/A] [app.main:111] ================================================================================
[2025-11-01 20:35:42] [INFO    ] [req:N/A] [app.main:112] AI YouTuber Studio Backend - Shutting Down
[2025-11-01 20:35:42] [INFO    ] [req:N/A] [app.main:113] ================================================================================
[2025-11-01 20:35:46] [INFO    ] [req:N/A] [root:152] ================================================================================
[2025-11-01 20:35:46] [INFO    ] [req:N/A] [root:153] Logging initialized - Level: INFO, File: /Users/mayursuhasiya/Desktop/Projects/ai-youtuber-studio/backend/logs/app.log
[2025-11-01 20:35:46] [INFO    ] [req:N/A] [root:154] ================================================================================
[2025-11-01 20:35:48] [INFO    ] [req:N/A] [root:152] ================================================================================
[2025-11-01 20:35:48] [INFO    ] [req:N/A] [root:153] Logging initialized - Level: INFO, File: /Users/mayursuhasiya/Desktop/Projects/ai-youtuber-studio/backend/logs/app.log
[2025-11-01 20:35:48] [INFO    ] [req:N/A] [root:154] ================================================================================
[2025-11-01 20:35:48] [INFO    ] [req:N/A] [app.main:20] FastAPI application initialized
[2025-11-01 20:35:48] [INFO    ] [req:N/A] [app.main:90] All API routers registered
[2025-11-01 20:35:48] [INFO    ] [req:N/A] [app.main:94] Redis client initialized: redis://127.0.0.1:16379/0
[2025-11-01 20:35:48] [INFO    ] [req:N/A] [app.main:101] ================================================================================
[2025-11-01 20:35:48] [INFO    ] [req:N/A] [app.main:102] AI YouTuber Studio Backend - Starting Up
[2025-11-01 20:35:48] [INFO    ] [req:N/A] [app.main:103] Environment: development
[2025-11-01 20:35:48] [INFO    ] [req:N/A] [app.main:104] CORS Origins: ['http://localhost:3000', 'http://localhost:5173']
[2025-11-01 20:35:48] [INFO    ] [req:N/A] [app.main:105] ================================================================================
[2025-11-01 20:35:53] [INFO    ] [req:N/A] [app.main:111] ================================================================================
[2025-11-01 20:35:53] [INFO    ] [req:N/A] [app.main:112] AI YouTuber Studio Backend - Shutting Down
[2025-11-01 20:35:53] [INFO    ] [req:N/A] [app.main:113] ================================================================================
[2025-11-01 20:35:56] [INFO    ] [req:N/A] [root:152] ================================================================================
[2025-11-01 20:35:56] [INFO    ] [req:N/A] [root:153] Logging initialized - Level: INFO, File: /Users/mayursuhasiya/Desktop/Projects/ai-youtuber-studio/backend/logs/app.log
[2025-11-01 20:35:56] [INFO    ] [req:N/A] [root:154] ================================================================================
[2025-11-01 20:35:58] [INFO    ] [req:N/A] [root:152] ================================================================================
[2025-11-01 20:35:58] [INFO    ] [req:N/A] [root:153] Logging initialized - Level: INFO, File: /Users/mayursuhasiya/Desktop/Projects/ai-youtuber-studio/backend/logs/app.log
[2025-11-01 20:35:58] [INFO    ] [req:N/A] [root:154] ================================================================================
[2025-11-01 20:35:58] [INFO    ] [req:N/A] [app.main:20] FastAPI application initialized
[2025-11-01 20:35:58] [INFO    ] [req:N/A] [app.main:90] All API routers registered
[2025-11-01 20:35:58] [INFO    ] [req:N/A] [app.main:94] Redis client initialized: redis://127.0.0.1:16379/0
[2025-11-01 20:35:58] [INFO    ] [req:N/A] [app.main:101] ================================================================================
[2025-11-01 20:35:58] [INFO    ] [req:N/A] [app.main:102] AI YouTuber Studio Backend - Starting Up
[2025-11-01 20:35:58] [INFO    ] [req:N/A] [app.main:103] Environment: development
[2025-11-01 20:35:58] [INFO    ] [req:N/A] [app.main:104] CORS Origins: ['http://localhost:3000', 'http://localhost:5173']
[2025-11-01 20:35:58] [INFO    ] [req:N/A] [app.main:105] ================================================================================
[2025-11-01 20:36:00] [INFO    ] [req:N/A] [app.main:111] ================================================================================
[2025-11-01 20:36:00] [INFO    ] [req:N/A] [app.main:112] AI YouTuber Studio Backend - Shutting Down
[2025-11-01 20:36:00] [INFO    ] [req:N/A] [app.main:113] ================================================================================
[2025-11-01 20:36:03] [INFO    ] [req:N/A] [root:152] ================================================================================
[2025-11-01 20:36:03] [INFO    ] [req:N/A] [root:153] Logging initialized - Level: INFO, File: /Users/mayursuhasiya/Desktop/Projects/ai-youtuber-studio/backend/logs/app.log
[2025-11-01 20:36:03] [INFO    ] [req:N/A] [root:154] ================================================================================
[2025-11-01 20:36:05] [INFO    ] [req:N/A] [root:152] ================================================================================
[2025-11-01 20:36:05] [INFO    ] [req:N/A] [root:153] Logging initialized - Level: INFO, File: /Users/mayursuhasiya/Desktop/Projects/ai-youtuber-studio/backend/logs/app.log
[2025-11-01 20:36:05] [INFO    ] [req:N/A] [root:154] ================================================================================
[2025-11-01 20:36:05] [INFO    ] [req:N/A] [app.main:20] FastAPI application initialized
[2025-11-01 20:36:05] [INFO    ] [req:N/A] [app.main:90] All API routers registered
[2025-11-01 20:36:05] [INFO    ] [req:N/A] [app.main:94] Redis client initialized: redis://127.0.0.1:16379/0
[2025-11-01 20:36:05] [INFO    ] [req:N/A] [app.main:101] ================================================================================
[2025-11-01 20:36:05] [INFO    ] [req:N/A] [app.main:102] AI YouTuber Studio Backend - Starting Up
[2025-11-01 20:36:05] [INFO    ] [req:N/A] [app.main:103] Environment: development
[2025-11-01 20:36:05] [INFO    ] [req:N/A] [app.main:104] CORS Origins: ['http://localhost:3000', 'http://localhost:5173']
[2025-11-01 20:36:05] [INFO    ] [req:N/A] [app.main:105] ================================================================================
[2025-11-01 20:36:09] [INFO    ] [req:N/A] [app.main:111] ================================================================================
[2025-11-01 20:36:09] [INFO    ] [req:N/A] [app.main:112] AI YouTuber Studio Backend - Shutting Down
[2025-11-01 20:36:09] [INFO    ] [req:N/A] [app.main:113] ================================================================================
[2025-11-01 20:36:13] [INFO    ] [req:N/A] [root:152] ================================================================================
[2025-11-01 20:36:13] [INFO    ] [req:N/A] [root:153] Logging initialized - Level: INFO, File: /Users/mayursuhasiya/Desktop/Projects/ai-youtuber-studio/backend/logs/app.log
[2025-11-01 20:36:13] [INFO    ] [req:N/A] [root:154] ================================================================================
[2025-11-01 20:36:15] [INFO    ] [req:N/A] [root:152] ================================================================================
[2025-11-01 20:36:15] [INFO    ] [req:N/A] [root:153] Logging initialized - Level: INFO, File: /Users/mayursuhasiya/Desktop/Projects/ai-youtuber-studio/backend/logs/app.log
[2025-11-01 20:36:15] [INFO    ] [req:N/A] [root:154] ================================================================================
[2025-11-01 20:36:15] [INFO    ] [req:N/A] [app.main:20] FastAPI application initialized
[2025-11-01 20:36:15] [INFO    ] [req:N/A] [app.main:90] All API routers registered
[2025-11-01 20:36:15] [INFO    ] [req:N/A] [app.main:94] Redis client initialized: redis://127.0.0.1:16379/0
[2025-11-01 20:36:15] [INFO    ] [req:N/A] [app.main:101] ================================================================================
[2025-11-01 20:36:15] [INFO    ] [req:N/A] [app.main:102] AI YouTuber Studio Backend - Starting Up
[2025-11-01 20:36:15] [INFO    ] [req:N/A] [app.main:103] Environment: development
[2025-11-01 20:36:15] [INFO    ] [req:N/A] [app.main:104] CORS Origins: ['http://localhost:3000', 'http://localhost:5173']
[2025-11-01 20:36:15] [INFO    ] [req:N/A] [app.main:105] ================================================================================
[2025-11-01 20:36:17] [INFO    ] [req:N/A] [root:152] ================================================================================
[2025-11-01 20:36:17] [INFO    ] [req:N/A] [root:153] Logging initialized - Level: INFO, File: /Users/mayursuhasiya/Desktop/Projects/ai-youtuber-studio/backend/logs/app.log
[2025-11-01 20:36:17] [INFO    ] [req:N/A] [root:154] ================================================================================
[2025-11-01 20:36:21] [INFO    ] [req:N/A] [app.main:111] ================================================================================
[2025-11-01 20:36:21] [INFO    ] [req:N/A] [app.main:112] AI YouTuber Studio Backend - Shutting Down
[2025-11-01 20:36:21] [INFO    ] [req:N/A] [app.main:113] ================================================================================
[2025-11-01 20:36:24] [INFO    ] [req:N/A] [root:152] ================================================================================
[2025-11-01 20:36:24] [INFO    ] [req:N/A] [root:153] Logging initialized - Level: INFO, File: /Users/mayursuhasiya/Desktop/Projects/ai-youtuber-studio/backend/logs/app.log
[2025-11-01 20:36:24] [INFO    ] [req:N/A] [root:154] ================================================================================
[2025-11-01 20:36:26] [INFO    ] [req:N/A] [root:152] ================================================================================
[2025-11-01 20:36:26] [INFO    ] [req:N/A] [root:153] Logging initialized - Level: INFO, File: /Users/mayursuhasiya/Desktop/Projects/ai-youtuber-studio/backend/logs/app.log
[2025-11-01 20:36:26] [INFO    ] [req:N/A] [root:154] ================================================================================
[2025-11-01 20:36:26] [INFO    ] [req:N/A] [app.main:20] FastAPI application initialized
[2025-11-01 20:36:26] [INFO    ] [req:N/A] [app.main:90] All API routers registered
[2025-11-01 20:36:26] [INFO    ] [req:N/A] [app.main:94] Redis client initialized: redis://127.0.0.1:16379/0
[2025-11-01 20:36:26] [INFO    ] [req:N/A] [app.main:101] ================================================================================
[2025-11-01 20:36:26] [INFO    ] [req:N/A] [app.main:102] AI YouTuber Studio Backend - Starting Up
[2025-11-01 20:36:26] [INFO    ] [req:N/A] [app.main:103] Environment: development
[2025-11-01 20:36:26] [INFO    ] [req:N/A] [app.main:104] CORS Origins: ['http://localhost:3000', 'http://localhost:5173']
[2025-11-01 20:36:26] [INFO    ] [req:N/A] [app.main:105] ================================================================================
[2025-11-01 20:36:30] [INFO    ] [req:N/A] [app.main:111] ================================================================================
[2025-11-01 20:36:30] [INFO    ] [req:N/A] [app.main:112] AI YouTuber Studio Backend - Shutting Down
[2025-11-01 20:36:30] [INFO    ] [req:N/A] [app.main:113] ================================================================================
[2025-11-01 20:36:34] [INFO    ] [req:N/A] [root:152] ================================================================================
[2025-11-01 20:36:34] [INFO    ] [req:N/A] [root:153] Logging initialized - Level: INFO, File: /Users/mayursuhasiya/Desktop/Projects/ai-youtuber-studio/backend/logs/app.log
[2025-11-01 20:36:34] [INFO    ] [req:N/A] [root:154] ================================================================================
[2025-11-01 20:36:36] [INFO    ] [req:N/A] [root:152] ================================================================================
[2025-11-01 20:36:36] [INFO    ] [req:N/A] [root:153] Logging initialized - Level: INFO, File: /Users/mayursuhasiya/Desktop/Projects/ai-youtuber-studio/backend/logs/app.log
[2025-11-01 20:36:36] [INFO    ] [req:N/A] [root:154] ================================================================================
[2025-11-01 20:36:36] [INFO    ] [req:N/A] [app.main:20] FastAPI application initialized
[2025-11-01 20:36:36] [INFO    ] [req:N/A] [app.main:90] All API routers registered
[2025-11-01 20:36:36] [INFO    ] [req:N/A] [app.main:94] Redis client initialized: redis://127.0.0.1:16379/0
[2025-11-01 20:36:36] [INFO    ] [req:N/A] [app.main:101] ================================================================================
[2025-11-01 20:36:36] [INFO    ] [req:N/A] [app.main:102] AI YouTuber Studio Backend - Starting Up
[2025-11-01 20:36:36] [INFO    ] [req:N/A] [app.main:103] Environment: development
[2025-11-01 20:36:36] [INFO    ] [req:N/A] [app.main:104] CORS Origins: ['http://localhost:3000', 'http://localhost:5173']
[2025-11-01 20:36:36] [INFO    ] [req:N/A] [app.main:105] ================================================================================
[2025-11-01 20:36:39] [INFO    ] [req:N/A] [app.main:111] ================================================================================
[2025-11-01 20:36:39] [INFO    ] [req:N/A] [app.main:112] AI YouTuber Studio Backend - Shutting Down
[2025-11-01 20:36:39] [INFO    ] [req:N/A] [app.main:113] ================================================================================
[2025-11-01 20:36:43] [INFO    ] [req:N/A] [root:152] ================================================================================
[2025-11-01 20:36:43] [INFO    ] [req:N/A] [root:153] Logging initialized - Level: INFO, File: /Users/mayursuhasiya/Desktop/Projects/ai-youtuber-studio/backend/logs/app.log
[2025-11-01 20:36:43] [INFO    ] [req:N/A] [root:154] ================================================================================
[2025-11-01 20:36:45] [INFO    ] [req:N/A] [root:152] ================================================================================
[2025-11-01 20:36:45] [INFO    ] [req:N/A] [root:153] Logging initialized - Level: INFO, File: /Users/mayursuhasiya/Desktop/Projects/ai-youtuber-studio/backend/logs/app.log
[2025-11-01 20:36:45] [INFO    ] [req:N/A] [root:154] ================================================================================
[2025-11-01 20:36:45] [INFO    ] [req:N/A] [app.main:20] FastAPI application initialized
[2025-11-01 20:36:45] [INFO    ] [req:N/A] [app.main:90] All API routers registered
[2025-11-01 20:36:45] [INFO    ] [req:N/A] [app.main:94] Redis client initialized: redis://127.0.0.1:16379/0
[2025-11-01 20:36:45] [INFO    ] [req:N/A] [app.main:101] ================================================================================
[2025-11-01 20:36:45] [INFO    ] [req:N/A] [app.main:102] AI YouTuber Studio Backend - Starting Up
[2025-11-01 20:36:45] [INFO    ] [req:N/A] [app.main:103] Environment: development
[2025-11-01 20:36:45] [INFO    ] [req:N/A] [app.main:104] CORS Origins: ['http://localhost:3000', 'http://localhost:5173']
[2025-11-01 20:36:45] [INFO    ] [req:N/A] [app.main:105] ================================================================================
[2025-11-01 20:37:35] [INFO    ] [req:742eba87] [app.main:32] Request: GET /api/channels/me [client:127.0.0.1] [user-agent:Mozilla/5.0 (Macintosh; Intel Mac OS X 10_15_7) Ap]
[2025-11-01 20:37:35] [INFO    ] [req:742eba87] [app.main:47] Response: GET /api/channels/me [status:200] [duration:140.45ms]
[2025-11-01 20:37:35] [INFO    ] [req:622a88f7] [app.main:32] Request: GET /api/channels/me [client:127.0.0.1] [user-agent:Mozilla/5.0 (Macintosh; Intel Mac OS X 10_15_7) Ap]
[2025-11-01 20:37:35] [INFO    ] [req:622a88f7] [app.main:47] Response: GET /api/channels/me [status:200] [duration:5.62ms]
[2025-11-01 20:57:39] [INFO    ] [req:N/A] [app.main:111] ================================================================================
[2025-11-01 20:57:39] [INFO    ] [req:N/A] [app.main:112] AI YouTuber Studio Backend - Shutting Down
[2025-11-01 20:57:39] [INFO    ] [req:N/A] [app.main:113] ================================================================================
[2025-11-01 20:57:44] [INFO    ] [req:N/A] [root:152] ================================================================================
[2025-11-01 20:57:44] [INFO    ] [req:N/A] [root:153] Logging initialized - Level: INFO, File: /Users/mayursuhasiya/Desktop/Projects/ai-youtuber-studio/backend/logs/app.log
[2025-11-01 20:57:44] [INFO    ] [req:N/A] [root:154] ================================================================================
[2025-11-01 20:57:46] [INFO    ] [req:N/A] [root:152] ================================================================================
[2025-11-01 20:57:46] [INFO    ] [req:N/A] [root:153] Logging initialized - Level: INFO, File: /Users/mayursuhasiya/Desktop/Projects/ai-youtuber-studio/backend/logs/app.log
[2025-11-01 20:57:46] [INFO    ] [req:N/A] [root:154] ================================================================================
[2025-11-01 20:57:46] [INFO    ] [req:N/A] [app.main:20] FastAPI application initialized
[2025-11-01 20:57:46] [INFO    ] [req:N/A] [app.main:90] All API routers registered
[2025-11-01 20:57:46] [INFO    ] [req:N/A] [app.main:94] Redis client initialized: redis://127.0.0.1:16379/0
[2025-11-01 20:57:46] [INFO    ] [req:N/A] [app.main:101] ================================================================================
[2025-11-01 20:57:46] [INFO    ] [req:N/A] [app.main:102] AI YouTuber Studio Backend - Starting Up
[2025-11-01 20:57:46] [INFO    ] [req:N/A] [app.main:103] Environment: development
[2025-11-01 20:57:46] [INFO    ] [req:N/A] [app.main:104] CORS Origins: ['http://localhost:3000', 'http://localhost:5173']
[2025-11-01 20:57:46] [INFO    ] [req:N/A] [app.main:105] ================================================================================
[2025-11-09 15:18:33] [INFO    ] [req:N/A] [root:152] ================================================================================
[2025-11-09 15:18:33] [INFO    ] [req:N/A] [root:153] Logging initialized - Level: INFO, File: /Users/mayursuhasiya/Desktop/Projects/ai-youtuber-studio/backend/logs/app.log
[2025-11-09 15:18:33] [INFO    ] [req:N/A] [root:154] ================================================================================
[2025-11-09 15:18:35] [INFO    ] [req:N/A] [root:152] ================================================================================
[2025-11-09 15:18:35] [INFO    ] [req:N/A] [root:153] Logging initialized - Level: INFO, File: /Users/mayursuhasiya/Desktop/Projects/ai-youtuber-studio/backend/logs/app.log
[2025-11-09 15:18:35] [INFO    ] [req:N/A] [root:154] ================================================================================
[2025-11-09 15:18:35] [INFO    ] [req:N/A] [app.main:22] FastAPI application initialized
[2025-11-09 15:18:35] [INFO    ] [req:N/A] [app.main:93] All API routers registered
[2025-11-09 15:18:35] [INFO    ] [req:N/A] [app.main:97] Redis client initialized: redis://localhost:6379/0
[2025-11-09 15:18:35] [INFO    ] [req:N/A] [app.main:133] Static files mounted from: /Users/mayursuhasiya/Desktop/Projects/ai-youtuber-studio/frontend/dist
[2025-11-09 15:18:35] [INFO    ] [req:N/A] [app.main:104] ================================================================================
[2025-11-09 15:18:35] [INFO    ] [req:N/A] [app.main:105] AI YouTuber Studio Backend - Starting Up
[2025-11-09 15:18:35] [INFO    ] [req:N/A] [app.main:106] Environment: development
[2025-11-09 15:18:35] [INFO    ] [req:N/A] [app.main:107] CORS Origins: ['http://localhost:3000', 'http://localhost:5173', 'https://ai-youtuber-studio.vercel.app/']
[2025-11-09 15:18:35] [INFO    ] [req:N/A] [app.main:108] ================================================================================
[2025-11-09 15:18:35] [INFO    ] [req:4ebd64f7] [app.main:34] Request: GET /api/videos [client:127.0.0.1] [user-agent:Mozilla/5.0 (Macintosh; Intel Mac OS X 10_15_7) Ap]
[2025-11-09 15:18:35] [INFO    ] [req:4ebd64f7] [app.main:49] Response: GET /api/videos [status:200] [duration:70.15ms]
[2025-11-09 15:18:35] [INFO    ] [req:bd7eb224] [app.main:34] Request: GET /api/videos [client:127.0.0.1] [user-agent:Mozilla/5.0 (Macintosh; Intel Mac OS X 10_15_7) Ap]
[2025-11-09 15:18:35] [INFO    ] [req:bd7eb224] [app.main:49] Response: GET /api/videos [status:200] [duration:5.11ms]
[2025-11-09 15:18:38] [INFO    ] [req:N/A] [app.main:114] ================================================================================
[2025-11-09 15:18:38] [INFO    ] [req:N/A] [app.main:115] AI YouTuber Studio Backend - Shutting Down
[2025-11-09 15:18:38] [INFO    ] [req:N/A] [app.main:116] ================================================================================
[2025-11-09 15:18:42] [INFO    ] [req:N/A] [root:152] ================================================================================
[2025-11-09 15:18:42] [INFO    ] [req:N/A] [root:153] Logging initialized - Level: INFO, File: /Users/mayursuhasiya/Desktop/Projects/ai-youtuber-studio/backend/logs/app.log
[2025-11-09 15:18:42] [INFO    ] [req:N/A] [root:154] ================================================================================
[2025-11-09 15:18:43] [INFO    ] [req:N/A] [root:152] ================================================================================
[2025-11-09 15:18:43] [INFO    ] [req:N/A] [root:153] Logging initialized - Level: INFO, File: /Users/mayursuhasiya/Desktop/Projects/ai-youtuber-studio/backend/logs/app.log
[2025-11-09 15:18:43] [INFO    ] [req:N/A] [root:154] ================================================================================
[2025-11-09 15:18:43] [INFO    ] [req:N/A] [app.main:22] FastAPI application initialized
[2025-11-09 15:18:43] [INFO    ] [req:N/A] [app.main:93] All API routers registered
[2025-11-09 15:18:43] [INFO    ] [req:N/A] [app.main:97] Redis client initialized: redis://localhost:6379/0
[2025-11-09 15:18:43] [INFO    ] [req:N/A] [app.main:133] Static files mounted from: /Users/mayursuhasiya/Desktop/Projects/ai-youtuber-studio/frontend/dist
[2025-11-09 15:18:43] [INFO    ] [req:N/A] [app.main:104] ================================================================================
[2025-11-09 15:18:43] [INFO    ] [req:N/A] [app.main:105] AI YouTuber Studio Backend - Starting Up
[2025-11-09 15:18:43] [INFO    ] [req:N/A] [app.main:106] Environment: development
[2025-11-09 15:18:43] [INFO    ] [req:N/A] [app.main:107] CORS Origins: ['http://localhost:3000', 'http://localhost:5173', 'https://ai-youtuber-studio.vercel.app/']
[2025-11-09 15:18:43] [INFO    ] [req:N/A] [app.main:108] ================================================================================
[2025-11-09 15:18:43] [INFO    ] [req:f89f01ef] [app.main:34] Request: GET /api/videos [client:127.0.0.1] [user-agent:Mozilla/5.0 (Macintosh; Intel Mac OS X 10_15_7) Ap]
[2025-11-09 15:18:43] [INFO    ] [req:f89f01ef] [app.main:49] Response: GET /api/videos [status:200] [duration:60.91ms]
[2025-11-09 15:18:44] [INFO    ] [req:209daf5a] [app.main:34] Request: GET /api/videos [client:127.0.0.1] [user-agent:Mozilla/5.0 (Macintosh; Intel Mac OS X 10_15_7) Ap]
[2025-11-09 15:18:44] [INFO    ] [req:209daf5a] [app.main:49] Response: GET /api/videos [status:200] [duration:17.10ms]
[2025-11-09 15:18:49] [INFO    ] [req:e4583821] [app.main:34] Request: GET /api/videos [client:127.0.0.1] [user-agent:Mozilla/5.0 (Macintosh; Intel Mac OS X 10_15_7) Ap]
[2025-11-09 15:18:49] [INFO    ] [req:e4583821] [app.main:49] Response: GET /api/videos [status:200] [duration:18.61ms]
[2025-11-09 15:18:54] [INFO    ] [req:4b01fb06] [app.main:34] Request: GET /api/videos [client:127.0.0.1] [user-agent:Mozilla/5.0 (Macintosh; Intel Mac OS X 10_15_7) Ap]
[2025-11-09 15:18:54] [INFO    ] [req:4b01fb06] [app.main:49] Response: GET /api/videos [status:200] [duration:15.14ms]
[2025-11-09 15:18:59] [INFO    ] [req:479953cc] [app.main:34] Request: GET /api/videos [client:127.0.0.1] [user-agent:Mozilla/5.0 (Macintosh; Intel Mac OS X 10_15_7) Ap]
[2025-11-09 15:18:59] [INFO    ] [req:479953cc] [app.main:49] Response: GET /api/videos [status:200] [duration:16.83ms]
[2025-11-09 09:49:02] [INFO    ] [req:N/A] [root:152] ================================================================================
[2025-11-09 09:49:02] [INFO    ] [req:N/A] [root:153] Logging initialized - Level: INFO, File: /app/logs/app.log
[2025-11-09 09:49:02] [INFO    ] [req:N/A] [root:154] ================================================================================
[2025-11-09 15:19:04] [INFO    ] [req:fbb840aa] [app.main:34] Request: GET /api/videos [client:127.0.0.1] [user-agent:Mozilla/5.0 (Macintosh; Intel Mac OS X 10_15_7) Ap]
[2025-11-09 15:19:04] [INFO    ] [req:fbb840aa] [app.main:49] Response: GET /api/videos [status:200] [duration:20.14ms]
[2025-11-09 15:19:09] [INFO    ] [req:97a7ec02] [app.main:34] Request: GET /api/videos [client:127.0.0.1] [user-agent:Mozilla/5.0 (Macintosh; Intel Mac OS X 10_15_7) Ap]
[2025-11-09 15:19:09] [INFO    ] [req:97a7ec02] [app.main:49] Response: GET /api/videos [status:200] [duration:13.63ms]
[2025-11-09 15:19:14] [INFO    ] [req:40b74d57] [app.main:34] Request: GET /api/videos [client:127.0.0.1] [user-agent:Mozilla/5.0 (Macintosh; Intel Mac OS X 10_15_7) Ap]
[2025-11-09 15:19:14] [INFO    ] [req:40b74d57] [app.main:49] Response: GET /api/videos [status:200] [duration:12.89ms]
[2025-11-09 15:19:19] [INFO    ] [req:4597183d] [app.main:34] Request: GET /api/videos [client:127.0.0.1] [user-agent:Mozilla/5.0 (Macintosh; Intel Mac OS X 10_15_7) Ap]
[2025-11-09 15:19:19] [INFO    ] [req:4597183d] [app.main:49] Response: GET /api/videos [status:200] [duration:13.22ms]
[2025-11-09 15:19:23] [INFO    ] [req:N/A] [app.main:114] ================================================================================
[2025-11-09 15:19:23] [INFO    ] [req:N/A] [app.main:115] AI YouTuber Studio Backend - Shutting Down
[2025-11-09 15:19:23] [INFO    ] [req:N/A] [app.main:116] ================================================================================
[2025-11-09 15:19:27] [INFO    ] [req:N/A] [root:152] ================================================================================
[2025-11-09 15:19:27] [INFO    ] [req:N/A] [root:153] Logging initialized - Level: INFO, File: /Users/mayursuhasiya/Desktop/Projects/ai-youtuber-studio/backend/logs/app.log
[2025-11-09 15:19:27] [INFO    ] [req:N/A] [root:154] ================================================================================
[2025-11-09 15:19:28] [INFO    ] [req:N/A] [root:152] ================================================================================
[2025-11-09 15:19:28] [INFO    ] [req:N/A] [root:153] Logging initialized - Level: INFO, File: /Users/mayursuhasiya/Desktop/Projects/ai-youtuber-studio/backend/logs/app.log
[2025-11-09 15:19:28] [INFO    ] [req:N/A] [root:154] ================================================================================
[2025-11-09 15:19:28] [INFO    ] [req:N/A] [app.main:22] FastAPI application initialized
[2025-11-09 15:19:28] [INFO    ] [req:N/A] [app.main:93] All API routers registered
[2025-11-09 15:19:28] [INFO    ] [req:N/A] [app.main:97] Redis client initialized: redis://localhost:6379/0
[2025-11-09 15:19:28] [INFO    ] [req:N/A] [app.main:133] Static files mounted from: /Users/mayursuhasiya/Desktop/Projects/ai-youtuber-studio/frontend/dist
[2025-11-09 15:19:28] [INFO    ] [req:N/A] [app.main:104] ================================================================================
[2025-11-09 15:19:28] [INFO    ] [req:N/A] [app.main:105] AI YouTuber Studio Backend - Starting Up
[2025-11-09 15:19:28] [INFO    ] [req:N/A] [app.main:106] Environment: development
[2025-11-09 15:19:28] [INFO    ] [req:N/A] [app.main:107] CORS Origins: ['http://localhost:3000', 'http://localhost:5173', 'https://ai-youtuber-studio.vercel.app/']
[2025-11-09 15:19:28] [INFO    ] [req:N/A] [app.main:108] ================================================================================
[2025-11-09 15:19:28] [INFO    ] [req:6885b06d] [app.main:34] Request: GET /api/videos [client:127.0.0.1] [user-agent:Mozilla/5.0 (Macintosh; Intel Mac OS X 10_15_7) Ap]
[2025-11-09 15:19:28] [INFO    ] [req:6885b06d] [app.main:49] Response: GET /api/videos [status:200] [duration:63.09ms]
[2025-11-09 15:19:29] [INFO    ] [req:cf863fa1] [app.main:34] Request: GET /api/videos [client:127.0.0.1] [user-agent:Mozilla/5.0 (Macintosh; Intel Mac OS X 10_15_7) Ap]
[2025-11-09 15:19:29] [INFO    ] [req:cf863fa1] [app.main:49] Response: GET /api/videos [status:200] [duration:12.70ms]
[2025-11-09 15:19:34] [INFO    ] [req:5d165869] [app.main:34] Request: GET /api/videos [client:127.0.0.1] [user-agent:Mozilla/5.0 (Macintosh; Intel Mac OS X 10_15_7) Ap]
[2025-11-09 15:19:34] [INFO    ] [req:5d165869] [app.main:49] Response: GET /api/videos [status:200] [duration:11.66ms]
[2025-11-09 15:19:38] [INFO    ] [req:N/A] [app.main:114] ================================================================================
[2025-11-09 15:19:38] [INFO    ] [req:N/A] [app.main:115] AI YouTuber Studio Backend - Shutting Down
[2025-11-09 15:19:38] [INFO    ] [req:N/A] [app.main:116] ================================================================================
[2025-11-09 15:19:43] [INFO    ] [req:N/A] [root:152] ================================================================================
[2025-11-09 15:19:43] [INFO    ] [req:N/A] [root:153] Logging initialized - Level: INFO, File: /Users/mayursuhasiya/Desktop/Projects/ai-youtuber-studio/backend/logs/app.log
[2025-11-09 15:19:43] [INFO    ] [req:N/A] [root:154] ================================================================================
[2025-11-09 15:19:44] [INFO    ] [req:N/A] [root:152] ================================================================================
[2025-11-09 15:19:44] [INFO    ] [req:N/A] [root:153] Logging initialized - Level: INFO, File: /Users/mayursuhasiya/Desktop/Projects/ai-youtuber-studio/backend/logs/app.log
[2025-11-09 15:19:44] [INFO    ] [req:N/A] [root:154] ================================================================================
[2025-11-09 15:19:44] [INFO    ] [req:N/A] [app.main:22] FastAPI application initialized
[2025-11-09 15:19:44] [INFO    ] [req:N/A] [app.main:93] All API routers registered
[2025-11-09 15:19:44] [INFO    ] [req:N/A] [app.main:97] Redis client initialized: redis://localhost:6379/0
[2025-11-09 15:19:44] [INFO    ] [req:N/A] [app.main:133] Static files mounted from: /Users/mayursuhasiya/Desktop/Projects/ai-youtuber-studio/frontend/dist
[2025-11-09 15:19:44] [INFO    ] [req:N/A] [app.main:104] ================================================================================
[2025-11-09 15:19:44] [INFO    ] [req:N/A] [app.main:105] AI YouTuber Studio Backend - Starting Up
[2025-11-09 15:19:44] [INFO    ] [req:N/A] [app.main:106] Environment: development
[2025-11-09 15:19:44] [INFO    ] [req:N/A] [app.main:107] CORS Origins: ['http://localhost:3000', 'http://localhost:5173', 'https://ai-youtuber-studio.vercel.app/']
[2025-11-09 15:19:44] [INFO    ] [req:N/A] [app.main:108] ================================================================================
[2025-11-09 15:19:45] [INFO    ] [req:10c986cd] [app.main:34] Request: GET /api/videos [client:127.0.0.1] [user-agent:Mozilla/5.0 (Macintosh; Intel Mac OS X 10_15_7) Ap]
[2025-11-09 15:19:45] [INFO    ] [req:10c986cd] [app.main:49] Response: GET /api/videos [status:200] [duration:82.33ms]
[2025-11-09 15:19:45] [INFO    ] [req:560ee09f] [app.main:34] Request: GET /api/videos [client:127.0.0.1] [user-agent:Mozilla/5.0 (Macintosh; Intel Mac OS X 10_15_7) Ap]
[2025-11-09 15:19:45] [INFO    ] [req:560ee09f] [app.main:49] Response: GET /api/videos [status:200] [duration:3.45ms]
[2025-11-09 15:19:49] [INFO    ] [req:ccb7d808] [app.main:34] Request: GET /api/videos [client:127.0.0.1] [user-agent:Mozilla/5.0 (Macintosh; Intel Mac OS X 10_15_7) Ap]
[2025-11-09 15:19:49] [INFO    ] [req:ccb7d808] [app.main:49] Response: GET /api/videos [status:200] [duration:14.11ms]
[2025-11-09 15:19:50] [INFO    ] [req:109077cb] [app.main:34] Request: GET /api/channels/me [client:127.0.0.1] [user-agent:Mozilla/5.0 (Macintosh; Intel Mac OS X 10_15_7) Ap]
[2025-11-09 15:19:50] [INFO    ] [req:109077cb] [app.main:49] Response: GET /api/channels/me [status:200] [duration:22.49ms]
[2025-11-09 15:20:11] [INFO    ] [req:f17cb961] [app.main:34] Request: POST /api/channels/3/sync-videos [client:127.0.0.1] [user-agent:Mozilla/5.0 (Macintosh; Intel Mac OS X 10_15_7) Ap]
[2025-11-09 15:20:11] [INFO    ] [req:f17cb961] [app.api.channels:204] Sync videos request - channel_id=3, user_id=3, limit=20
[2025-11-09 15:20:11] [INFO    ] [req:f17cb961] [app.api.channels:220] Syncing channel: Mehandi Artist_Miss Mourya 💚 (youtube_id=UCEvzYexJxTTypNFuw0LVvpw)
[2025-11-09 15:20:11] [INFO    ] [req:f17cb961] [app.services.youtube_client:21] YouTubeClient initialized (authenticated: True)
[2025-11-09 15:20:11] [INFO    ] [req:f17cb961] [app.api.channels:249] Fetching 20 videos from YouTube for channel UCEvzYexJxTTypNFuw0LVvpw
[2025-11-09 15:20:11] [INFO    ] [req:f17cb961] [app.api.channels:207] Fetch videos from YouTube - Started
[2025-11-09 15:20:11] [INFO    ] [req:f17cb961] [app.services.youtube_client:89] Fetching videos for channel UCEvzYexJxTTypNFuw0LVvpw (limit: 20, order: date)
[2025-11-09 15:20:12] [INFO    ] [req:f17cb961] [app.services.youtube_client:144] Fetched 20 videos for channel UCEvzYexJxTTypNFuw0LVvpw - Total views: 139,228
[2025-11-09 15:20:12] [INFO    ] [req:f17cb961] [app.api.channels:213] Fetch videos from YouTube - Completed in 800.58ms
[2025-11-09 15:20:12] [INFO    ] [req:f17cb961] [app.api.channels:256] Successfully fetched 20 videos from YouTube
[2025-11-09 15:20:12] [INFO    ] [req:f17cb961] [app.api.channels:267] Processing 20 videos for database storage
[2025-11-09 15:20:12] [INFO    ] [req:f17cb961] [app.api.channels:323] Database committed - new: 0, updated: 20 (user_id=3, channel_id=3)
[2025-11-09 15:20:12] [INFO    ] [req:f17cb961] [app.api.channels:339] Successfully queued video 58 (YEP0lveMOrA) for processing
[2025-11-09 15:20:12] [INFO    ] [req:f17cb961] [app.api.channels:339] Successfully queued video 59 (NmytN0UG5iI) for processing
[2025-11-09 15:20:12] [INFO    ] [req:f17cb961] [app.api.channels:339] Successfully queued video 60 (Mn1jm9FG4Gk) for processing
[2025-11-09 15:20:12] [INFO    ] [req:f17cb961] [app.api.channels:339] Successfully queued video 61 (LKsLQvrTouM) for processing
[2025-11-09 15:20:12] [INFO    ] [req:f17cb961] [app.api.channels:339] Successfully queued video 62 (dIf7LzXllvE) for processing
[2025-11-09 15:20:12] [INFO    ] [req:f17cb961] [app.api.channels:339] Successfully queued video 63 (JQ7vJwya5Q8) for processing
[2025-11-09 15:20:12] [INFO    ] [req:f17cb961] [app.api.channels:339] Successfully queued video 64 (RzAxYbPdW98) for processing
[2025-11-09 15:20:12] [INFO    ] [req:f17cb961] [app.api.channels:339] Successfully queued video 65 (WCF7deJ7T6s) for processing
[2025-11-09 15:20:12] [INFO    ] [req:f17cb961] [app.api.channels:339] Successfully queued video 66 (QxnQd0LwL64) for processing
[2025-11-09 15:20:12] [INFO    ] [req:f17cb961] [app.api.channels:339] Successfully queued video 67 (afYhx23XkMY) for processing
[2025-11-09 15:20:12] [INFO    ] [req:f17cb961] [app.api.channels:339] Successfully queued video 68 (P1SKaXMLGnU) for processing
[2025-11-09 15:20:12] [INFO    ] [req:f17cb961] [app.api.channels:339] Successfully queued video 69 (MclVcJYSnTI) for processing
[2025-11-09 15:20:12] [INFO    ] [req:f17cb961] [app.api.channels:339] Successfully queued video 70 (5_6N2rvBy60) for processing
[2025-11-09 15:20:12] [INFO    ] [req:f17cb961] [app.api.channels:339] Successfully queued video 71 (z9Q3UQhLrD8) for processing
[2025-11-09 15:20:12] [INFO    ] [req:f17cb961] [app.api.channels:339] Successfully queued video 72 (bY15KB084gY) for processing
[2025-11-09 15:20:12] [INFO    ] [req:f17cb961] [app.api.channels:339] Successfully queued video 73 (nXbdeJpjPqQ) for processing
[2025-11-09 15:20:12] [INFO    ] [req:f17cb961] [app.api.channels:339] Successfully queued video 74 (PSh3w4GCBdg) for processing
[2025-11-09 15:20:12] [INFO    ] [req:f17cb961] [app.api.channels:339] Successfully queued video 75 (n6v7mmysi6c) for processing
[2025-11-09 15:20:12] [INFO    ] [req:f17cb961] [app.api.channels:339] Successfully queued video 76 (5CoGBQeve8M) for processing
[2025-11-09 15:20:12] [INFO    ] [req:f17cb961] [app.api.channels:339] Successfully queued video 77 (Aa-1L8cV7cQ) for processing
[2025-11-09 15:20:12] [INFO    ] [req:f17cb961] [app.api.channels:346] Sync complete - new: 0, updated: 20, queued: 20 (user_id=3, channel_id=3)
[2025-11-09 15:20:12] [INFO    ] [req:f17cb961] [app.main:49] Response: POST /api/channels/3/sync-videos [status:200] [duration:1387.78ms]
[2025-11-09 15:20:15] [INFO    ] [req:cc551321] [app.main:34] Request: GET /api/videos [client:127.0.0.1] [user-agent:Mozilla/5.0 (Macintosh; Intel Mac OS X 10_15_7) Ap]
[2025-11-09 15:20:15] [INFO    ] [req:9453deb5] [app.main:34] Request: GET /api/channels/me [client:127.0.0.1] [user-agent:Mozilla/5.0 (Macintosh; Intel Mac OS X 10_15_7) Ap]
[2025-11-09 15:20:15] [INFO    ] [req:9453deb5] [app.main:49] Response: GET /api/channels/me [status:200] [duration:10.95ms]
[2025-11-09 15:20:15] [INFO    ] [req:cc551321] [app.main:49] Response: GET /api/videos [status:200] [duration:31.54ms]
[2025-11-09 15:20:15] [INFO    ] [req:ad1a4c8d] [app.main:34] Request: GET /api/videos [client:127.0.0.1] [user-agent:Mozilla/5.0 (Macintosh; Intel Mac OS X 10_15_7) Ap]
[2025-11-09 15:20:15] [INFO    ] [req:ad1a4c8d] [app.main:49] Response: GET /api/videos [status:200] [duration:12.78ms]
[2025-11-09 15:20:20] [INFO    ] [req:2b5be2bb] [app.main:34] Request: GET /api/videos [client:127.0.0.1] [user-agent:Mozilla/5.0 (Macintosh; Intel Mac OS X 10_15_7) Ap]
[2025-11-09 15:20:20] [INFO    ] [req:2b5be2bb] [app.main:49] Response: GET /api/videos [status:200] [duration:15.23ms]
[2025-11-09 15:20:25] [INFO    ] [req:a0f2cd82] [app.main:34] Request: GET /api/videos [client:127.0.0.1] [user-agent:Mozilla/5.0 (Macintosh; Intel Mac OS X 10_15_7) Ap]
[2025-11-09 15:20:25] [INFO    ] [req:a0f2cd82] [app.main:49] Response: GET /api/videos [status:200] [duration:14.77ms]
[2025-11-09 15:20:29] [INFO    ] [req:98ae3407] [app.main:34] Request: GET /api/channels/me [client:127.0.0.1] [user-agent:Mozilla/5.0 (Macintosh; Intel Mac OS X 10_15_7) Ap]
[2025-11-09 15:20:29] [INFO    ] [req:98ae3407] [app.main:49] Response: GET /api/channels/me [status:200] [duration:9.65ms]
[2025-11-09 15:20:29] [INFO    ] [req:405870b8] [app.main:34] Request: GET /api/channels/me [client:127.0.0.1] [user-agent:Mozilla/5.0 (Macintosh; Intel Mac OS X 10_15_7) Ap]
[2025-11-09 15:20:29] [INFO    ] [req:405870b8] [app.main:49] Response: GET /api/channels/me [status:200] [duration:5.24ms]
[2025-11-09 15:20:29] [INFO    ] [req:ce6b7652] [app.main:34] Request: GET /api/videos [client:127.0.0.1] [user-agent:Mozilla/5.0 (Macintosh; Intel Mac OS X 10_15_7) Ap]
[2025-11-09 15:20:29] [INFO    ] [req:ce6b7652] [app.main:49] Response: GET /api/videos [status:200] [duration:10.88ms]
[2025-11-09 15:20:29] [INFO    ] [req:32a3e941] [app.main:34] Request: GET /api/videos [client:127.0.0.1] [user-agent:Mozilla/5.0 (Macintosh; Intel Mac OS X 10_15_7) Ap]
[2025-11-09 15:20:29] [INFO    ] [req:32a3e941] [app.main:49] Response: GET /api/videos [status:200] [duration:12.95ms]
[2025-11-09 15:20:34] [INFO    ] [req:3ed5b697] [app.main:34] Request: GET /api/videos [client:127.0.0.1] [user-agent:Mozilla/5.0 (Macintosh; Intel Mac OS X 10_15_7) Ap]
[2025-11-09 15:20:34] [INFO    ] [req:3ed5b697] [app.main:49] Response: GET /api/videos [status:200] [duration:13.58ms]
[2025-11-09 15:20:39] [INFO    ] [req:b5bc796c] [app.main:34] Request: GET /api/videos [client:127.0.0.1] [user-agent:Mozilla/5.0 (Macintosh; Intel Mac OS X 10_15_7) Ap]
[2025-11-09 15:20:39] [INFO    ] [req:b5bc796c] [app.main:49] Response: GET /api/videos [status:200] [duration:12.22ms]
[2025-11-09 15:20:44] [INFO    ] [req:4227de9a] [app.main:34] Request: GET /api/videos [client:127.0.0.1] [user-agent:Mozilla/5.0 (Macintosh; Intel Mac OS X 10_15_7) Ap]
[2025-11-09 15:20:44] [INFO    ] [req:4227de9a] [app.main:49] Response: GET /api/videos [status:200] [duration:32.34ms]
[2025-11-09 15:20:49] [INFO    ] [req:88f89a9f] [app.main:34] Request: GET /api/videos [client:127.0.0.1] [user-agent:Mozilla/5.0 (Macintosh; Intel Mac OS X 10_15_7) Ap]
[2025-11-09 15:20:49] [INFO    ] [req:88f89a9f] [app.main:49] Response: GET /api/videos [status:200] [duration:14.26ms]
[2025-11-09 15:20:54] [INFO    ] [req:1b86ba2f] [app.main:34] Request: GET /api/videos [client:127.0.0.1] [user-agent:Mozilla/5.0 (Macintosh; Intel Mac OS X 10_15_7) Ap]
[2025-11-09 15:20:54] [INFO    ] [req:1b86ba2f] [app.main:49] Response: GET /api/videos [status:200] [duration:10.38ms]
[2025-11-09 15:20:59] [INFO    ] [req:551071b4] [app.main:34] Request: GET /api/videos [client:127.0.0.1] [user-agent:Mozilla/5.0 (Macintosh; Intel Mac OS X 10_15_7) Ap]
[2025-11-09 15:20:59] [INFO    ] [req:551071b4] [app.main:49] Response: GET /api/videos [status:200] [duration:12.20ms]
[2025-11-09 15:21:04] [INFO    ] [req:4cfe5793] [app.main:34] Request: GET /api/videos [client:127.0.0.1] [user-agent:Mozilla/5.0 (Macintosh; Intel Mac OS X 10_15_7) Ap]
[2025-11-09 15:21:04] [INFO    ] [req:4cfe5793] [app.main:49] Response: GET /api/videos [status:200] [duration:14.47ms]
[2025-11-09 15:21:09] [INFO    ] [req:ec9b5d57] [app.main:34] Request: GET /api/videos [client:127.0.0.1] [user-agent:Mozilla/5.0 (Macintosh; Intel Mac OS X 10_15_7) Ap]
[2025-11-09 15:21:09] [INFO    ] [req:ec9b5d57] [app.main:49] Response: GET /api/videos [status:200] [duration:10.41ms]
[2025-11-09 15:21:14] [INFO    ] [req:de45354c] [app.main:34] Request: GET /api/videos [client:127.0.0.1] [user-agent:Mozilla/5.0 (Macintosh; Intel Mac OS X 10_15_7) Ap]
[2025-11-09 15:21:14] [INFO    ] [req:de45354c] [app.main:49] Response: GET /api/videos [status:200] [duration:14.45ms]
[2025-11-09 15:21:19] [INFO    ] [req:972c6cd0] [app.main:34] Request: GET /api/videos [client:127.0.0.1] [user-agent:Mozilla/5.0 (Macintosh; Intel Mac OS X 10_15_7) Ap]
[2025-11-09 15:21:19] [INFO    ] [req:972c6cd0] [app.main:49] Response: GET /api/videos [status:200] [duration:13.18ms]
[2025-11-09 15:21:24] [INFO    ] [req:ddc7f5c1] [app.main:34] Request: GET /api/videos [client:127.0.0.1] [user-agent:Mozilla/5.0 (Macintosh; Intel Mac OS X 10_15_7) Ap]
[2025-11-09 15:21:24] [INFO    ] [req:ddc7f5c1] [app.main:49] Response: GET /api/videos [status:200] [duration:14.03ms]
[2025-11-09 15:21:26] [INFO    ] [req:N/A] [app.main:114] ================================================================================
[2025-11-09 15:21:26] [INFO    ] [req:N/A] [app.main:115] AI YouTuber Studio Backend - Shutting Down
[2025-11-09 15:21:26] [INFO    ] [req:N/A] [app.main:116] ================================================================================
[2025-11-09 15:21:30] [INFO    ] [req:N/A] [root:152] ================================================================================
[2025-11-09 15:21:30] [INFO    ] [req:N/A] [root:153] Logging initialized - Level: INFO, File: /Users/mayursuhasiya/Desktop/Projects/ai-youtuber-studio/backend/logs/app.log
[2025-11-09 15:21:30] [INFO    ] [req:N/A] [root:154] ================================================================================
[2025-11-09 15:21:32] [INFO    ] [req:N/A] [root:152] ================================================================================
[2025-11-09 15:21:32] [INFO    ] [req:N/A] [root:153] Logging initialized - Level: INFO, File: /Users/mayursuhasiya/Desktop/Projects/ai-youtuber-studio/backend/logs/app.log
[2025-11-09 15:21:32] [INFO    ] [req:N/A] [root:154] ================================================================================
[2025-11-09 15:21:32] [INFO    ] [req:N/A] [app.main:22] FastAPI application initialized
[2025-11-09 15:21:32] [INFO    ] [req:N/A] [app.main:93] All API routers registered
[2025-11-09 15:21:32] [INFO    ] [req:N/A] [app.main:97] Redis client initialized: redis://localhost:6379/0
[2025-11-09 15:21:32] [INFO    ] [req:N/A] [app.main:133] Static files mounted from: /Users/mayursuhasiya/Desktop/Projects/ai-youtuber-studio/frontend/dist
[2025-11-09 15:21:32] [INFO    ] [req:N/A] [app.main:104] ================================================================================
[2025-11-09 15:21:32] [INFO    ] [req:N/A] [app.main:105] AI YouTuber Studio Backend - Starting Up
[2025-11-09 15:21:32] [INFO    ] [req:N/A] [app.main:106] Environment: development
[2025-11-09 15:21:32] [INFO    ] [req:N/A] [app.main:107] CORS Origins: ['http://localhost:3000', 'http://localhost:5173', 'https://ai-youtuber-studio.vercel.app/']
[2025-11-09 15:21:32] [INFO    ] [req:N/A] [app.main:108] ================================================================================
[2025-11-09 15:21:35] [INFO    ] [req:N/A] [root:152] ================================================================================
[2025-11-09 15:21:35] [INFO    ] [req:N/A] [root:153] Logging initialized - Level: INFO, File: /Users/mayursuhasiya/Desktop/Projects/ai-youtuber-studio/backend/logs/app.log
[2025-11-09 15:21:35] [INFO    ] [req:N/A] [root:154] ================================================================================
[2025-11-09 15:21:37] [INFO    ] [req:N/A] [root:152] ================================================================================
[2025-11-09 15:21:37] [INFO    ] [req:N/A] [root:153] Logging initialized - Level: INFO, File: /Users/mayursuhasiya/Desktop/Projects/ai-youtuber-studio/backend/logs/app.log
[2025-11-09 15:21:37] [INFO    ] [req:N/A] [root:154] ================================================================================
[2025-11-09 15:21:37] [INFO    ] [req:N/A] [app.main:22] FastAPI application initialized
[2025-11-09 15:21:37] [INFO    ] [req:N/A] [app.main:93] All API routers registered
[2025-11-09 15:21:37] [INFO    ] [req:N/A] [app.main:97] Redis client initialized: redis://localhost:6379/0
[2025-11-09 15:21:37] [INFO    ] [req:N/A] [app.main:133] Static files mounted from: /Users/mayursuhasiya/Desktop/Projects/ai-youtuber-studio/frontend/dist
[2025-11-09 15:21:37] [INFO    ] [req:N/A] [app.main:104] ================================================================================
[2025-11-09 15:21:37] [INFO    ] [req:N/A] [app.main:105] AI YouTuber Studio Backend - Starting Up
[2025-11-09 15:21:37] [INFO    ] [req:N/A] [app.main:106] Environment: development
[2025-11-09 15:21:37] [INFO    ] [req:N/A] [app.main:107] CORS Origins: ['http://localhost:3000', 'http://localhost:5173', 'https://ai-youtuber-studio.vercel.app/']
[2025-11-09 15:21:37] [INFO    ] [req:N/A] [app.main:108] ================================================================================
[2025-11-09 15:21:37] [INFO    ] [req:b0423482] [app.main:34] Request: GET /api/videos [client:127.0.0.1] [user-agent:Mozilla/5.0 (Macintosh; Intel Mac OS X 10_15_7) Ap]
[2025-11-09 15:21:37] [INFO    ] [req:b0423482] [app.main:49] Response: GET /api/videos [status:200] [duration:64.94ms]
[2025-11-09 15:21:37] [INFO    ] [req:cb9197fa] [app.main:34] Request: GET /api/videos [client:127.0.0.1] [user-agent:Mozilla/5.0 (Macintosh; Intel Mac OS X 10_15_7) Ap]
[2025-11-09 15:21:37] [INFO    ] [req:cb9197fa] [app.main:49] Response: GET /api/videos [status:200] [duration:7.07ms]
[2025-11-09 09:51:38] [INFO    ] [req:N/A] [root:152] ================================================================================
[2025-11-09 09:51:38] [INFO    ] [req:N/A] [root:153] Logging initialized - Level: INFO, File: /app/logs/app.log
[2025-11-09 09:51:38] [INFO    ] [req:N/A] [root:154] ================================================================================
[2025-11-09 15:21:39] [INFO    ] [req:540d3716] [app.main:34] Request: GET /api/videos [client:127.0.0.1] [user-agent:Mozilla/5.0 (Macintosh; Intel Mac OS X 10_15_7) Ap]
[2025-11-09 15:21:39] [INFO    ] [req:540d3716] [app.main:49] Response: GET /api/videos [status:200] [duration:12.23ms]
[2025-11-09 15:21:44] [INFO    ] [req:4d266c13] [app.main:34] Request: GET /api/videos [client:127.0.0.1] [user-agent:Mozilla/5.0 (Macintosh; Intel Mac OS X 10_15_7) Ap]
[2025-11-09 15:21:44] [INFO    ] [req:4d266c13] [app.main:49] Response: GET /api/videos [status:200] [duration:14.59ms]
[2025-11-09 15:21:49] [INFO    ] [req:N/A] [app.main:114] ================================================================================
[2025-11-09 15:21:49] [INFO    ] [req:N/A] [app.main:115] AI YouTuber Studio Backend - Shutting Down
[2025-11-09 15:21:49] [INFO    ] [req:N/A] [app.main:116] ================================================================================
[2025-11-09 15:21:53] [INFO    ] [req:N/A] [root:152] ================================================================================
[2025-11-09 15:21:53] [INFO    ] [req:N/A] [root:153] Logging initialized - Level: INFO, File: /Users/mayursuhasiya/Desktop/Projects/ai-youtuber-studio/backend/logs/app.log
[2025-11-09 15:21:53] [INFO    ] [req:N/A] [root:154] ================================================================================
[2025-11-09 15:21:54] [INFO    ] [req:N/A] [root:152] ================================================================================
[2025-11-09 15:21:54] [INFO    ] [req:N/A] [root:153] Logging initialized - Level: INFO, File: /Users/mayursuhasiya/Desktop/Projects/ai-youtuber-studio/backend/logs/app.log
[2025-11-09 15:21:54] [INFO    ] [req:N/A] [root:154] ================================================================================
[2025-11-09 15:21:54] [INFO    ] [req:N/A] [app.main:22] FastAPI application initialized
[2025-11-09 15:21:54] [INFO    ] [req:N/A] [app.main:93] All API routers registered
[2025-11-09 15:21:54] [INFO    ] [req:N/A] [app.main:97] Redis client initialized: redis://localhost:6379/0
[2025-11-09 15:21:54] [INFO    ] [req:N/A] [app.main:133] Static files mounted from: /Users/mayursuhasiya/Desktop/Projects/ai-youtuber-studio/frontend/dist
[2025-11-09 15:21:54] [INFO    ] [req:N/A] [app.main:104] ================================================================================
[2025-11-09 15:21:54] [INFO    ] [req:N/A] [app.main:105] AI YouTuber Studio Backend - Starting Up
[2025-11-09 15:21:54] [INFO    ] [req:N/A] [app.main:106] Environment: development
[2025-11-09 15:21:54] [INFO    ] [req:N/A] [app.main:107] CORS Origins: ['http://localhost:3000', 'http://localhost:5173', 'https://ai-youtuber-studio.vercel.app/']
[2025-11-09 15:21:54] [INFO    ] [req:N/A] [app.main:108] ================================================================================
[2025-11-09 15:21:58] [INFO    ] [req:N/A] [root:152] ================================================================================
[2025-11-09 15:21:58] [INFO    ] [req:N/A] [root:153] Logging initialized - Level: INFO, File: /Users/mayursuhasiya/Desktop/Projects/ai-youtuber-studio/backend/logs/app.log
[2025-11-09 15:21:58] [INFO    ] [req:N/A] [root:154] ================================================================================
[2025-11-09 15:21:59] [INFO    ] [req:N/A] [root:152] ================================================================================
[2025-11-09 15:21:59] [INFO    ] [req:N/A] [root:153] Logging initialized - Level: INFO, File: /Users/mayursuhasiya/Desktop/Projects/ai-youtuber-studio/backend/logs/app.log
[2025-11-09 15:21:59] [INFO    ] [req:N/A] [root:154] ================================================================================
[2025-11-09 15:21:59] [INFO    ] [req:N/A] [app.main:22] FastAPI application initialized
[2025-11-09 15:21:59] [INFO    ] [req:N/A] [app.main:93] All API routers registered
[2025-11-09 15:21:59] [INFO    ] [req:N/A] [app.main:97] Redis client initialized: redis://localhost:6379/0
[2025-11-09 15:21:59] [INFO    ] [req:N/A] [app.main:133] Static files mounted from: /Users/mayursuhasiya/Desktop/Projects/ai-youtuber-studio/frontend/dist
[2025-11-09 15:21:59] [INFO    ] [req:N/A] [app.main:104] ================================================================================
[2025-11-09 15:21:59] [INFO    ] [req:N/A] [app.main:105] AI YouTuber Studio Backend - Starting Up
[2025-11-09 15:21:59] [INFO    ] [req:N/A] [app.main:106] Environment: development
[2025-11-09 15:21:59] [INFO    ] [req:N/A] [app.main:107] CORS Origins: ['http://localhost:3000', 'http://localhost:5173', 'https://ai-youtuber-studio.vercel.app/']
[2025-11-09 15:21:59] [INFO    ] [req:N/A] [app.main:108] ================================================================================
[2025-11-09 15:22:04] [INFO    ] [req:N/A] [root:152] ================================================================================
[2025-11-09 15:22:04] [INFO    ] [req:N/A] [root:153] Logging initialized - Level: INFO, File: /Users/mayursuhasiya/Desktop/Projects/ai-youtuber-studio/backend/logs/app.log
[2025-11-09 15:22:04] [INFO    ] [req:N/A] [root:154] ================================================================================
[2025-11-09 15:22:05] [INFO    ] [req:N/A] [root:152] ================================================================================
[2025-11-09 15:22:05] [INFO    ] [req:N/A] [root:153] Logging initialized - Level: INFO, File: /Users/mayursuhasiya/Desktop/Projects/ai-youtuber-studio/backend/logs/app.log
[2025-11-09 15:22:05] [INFO    ] [req:N/A] [root:154] ================================================================================
[2025-11-09 15:22:05] [INFO    ] [req:N/A] [app.main:22] FastAPI application initialized
[2025-11-09 15:22:05] [INFO    ] [req:N/A] [app.main:93] All API routers registered
[2025-11-09 15:22:05] [INFO    ] [req:N/A] [app.main:97] Redis client initialized: redis://localhost:6379/0
[2025-11-09 15:22:05] [INFO    ] [req:N/A] [app.main:133] Static files mounted from: /Users/mayursuhasiya/Desktop/Projects/ai-youtuber-studio/frontend/dist
[2025-11-09 15:22:05] [INFO    ] [req:N/A] [app.main:104] ================================================================================
[2025-11-09 15:22:05] [INFO    ] [req:N/A] [app.main:105] AI YouTuber Studio Backend - Starting Up
[2025-11-09 15:22:05] [INFO    ] [req:N/A] [app.main:106] Environment: development
[2025-11-09 15:22:05] [INFO    ] [req:N/A] [app.main:107] CORS Origins: ['http://localhost:3000', 'http://localhost:5173', 'https://ai-youtuber-studio.vercel.app/']
[2025-11-09 15:22:05] [INFO    ] [req:N/A] [app.main:108] ================================================================================
[2025-11-09 15:22:05] [INFO    ] [req:d90a9ed0] [app.main:34] Request: GET /api/videos [client:127.0.0.1] [user-agent:Mozilla/5.0 (Macintosh; Intel Mac OS X 10_15_7) Ap]
[2025-11-09 15:22:06] [INFO    ] [req:d90a9ed0] [app.main:49] Response: GET /api/videos [status:200] [duration:268.73ms]
[2025-11-09 15:22:09] [INFO    ] [req:bbf704cb] [app.main:34] Request: GET /api/videos [client:127.0.0.1] [user-agent:Mozilla/5.0 (Macintosh; Intel Mac OS X 10_15_7) Ap]
[2025-11-09 15:22:09] [INFO    ] [req:bbf704cb] [app.main:49] Response: GET /api/videos [status:200] [duration:8.62ms]
[2025-11-09 15:22:10] [INFO    ] [req:4c85a0aa] [app.main:34] Request: GET /api/channels/me [client:127.0.0.1] [user-agent:Mozilla/5.0 (Macintosh; Intel Mac OS X 10_15_7) Ap]
[2025-11-09 15:22:10] [INFO    ] [req:4c85a0aa] [app.main:49] Response: GET /api/channels/me [status:200] [duration:19.56ms]
[2025-11-09 15:22:11] [INFO    ] [req:76361221] [app.main:34] Request: POST /api/channels/3/sync-videos [client:127.0.0.1] [user-agent:Mozilla/5.0 (Macintosh; Intel Mac OS X 10_15_7) Ap]
[2025-11-09 15:22:11] [INFO    ] [req:76361221] [app.api.channels:204] Sync videos request - channel_id=3, user_id=3, limit=20
[2025-11-09 15:22:11] [INFO    ] [req:76361221] [app.api.channels:220] Syncing channel: Mehandi Artist_Miss Mourya 💚 (youtube_id=UCEvzYexJxTTypNFuw0LVvpw)
[2025-11-09 15:22:11] [ERROR   ] [req:76361221] [app.api.channels:249] Failed to refresh credentials for user 3: ('invalid_scope: Bad Request', {'error': 'invalid_scope', 'error_description': 'Bad Request'})
Traceback (most recent call last):
  File "/Users/mayursuhasiya/Desktop/Projects/ai-youtuber-studio/backend/app/api/channels.py", line 246, in sync_channel_videos
    creds.refresh(GoogleAuthRequest())
  File "/Users/mayursuhasiya/Desktop/Projects/ai-youtuber-studio/backend/.venv/lib/python3.12/site-packages/google/oauth2/credentials.py", line 431, in refresh
    ) = reauth.refresh_grant(
        ^^^^^^^^^^^^^^^^^^^^^
  File "/Users/mayursuhasiya/Desktop/Projects/ai-youtuber-studio/backend/.venv/lib/python3.12/site-packages/google/oauth2/reauth.py", line 365, in refresh_grant
    _client._handle_error_response(response_data, retryable_error)
  File "/Users/mayursuhasiya/Desktop/Projects/ai-youtuber-studio/backend/.venv/lib/python3.12/site-packages/google/oauth2/_client.py", line 72, in _handle_error_response
    raise exceptions.RefreshError(
google.auth.exceptions.RefreshError: ('invalid_scope: Bad Request', {'error': 'invalid_scope', 'error_description': 'Bad Request'})
[2025-11-09 15:22:11] [ERROR   ] [req:76361221] [app.main:49] Response: POST /api/channels/3/sync-videos [status:401] [duration:386.72ms]
[2025-11-09 15:22:17] [INFO    ] [req:N/A] [app.main:114] ================================================================================
[2025-11-09 15:22:17] [INFO    ] [req:N/A] [app.main:115] AI YouTuber Studio Backend - Shutting Down
[2025-11-09 15:22:17] [INFO    ] [req:N/A] [app.main:116] ================================================================================
[2025-11-09 15:22:22] [INFO    ] [req:N/A] [root:152] ================================================================================
[2025-11-09 15:22:22] [INFO    ] [req:N/A] [root:153] Logging initialized - Level: INFO, File: /Users/mayursuhasiya/Desktop/Projects/ai-youtuber-studio/backend/logs/app.log
[2025-11-09 15:22:22] [INFO    ] [req:N/A] [root:154] ================================================================================
[2025-11-09 15:22:23] [INFO    ] [req:N/A] [root:152] ================================================================================
[2025-11-09 15:22:23] [INFO    ] [req:N/A] [root:153] Logging initialized - Level: INFO, File: /Users/mayursuhasiya/Desktop/Projects/ai-youtuber-studio/backend/logs/app.log
[2025-11-09 15:22:23] [INFO    ] [req:N/A] [root:154] ================================================================================
[2025-11-09 15:22:23] [INFO    ] [req:N/A] [app.main:22] FastAPI application initialized
[2025-11-09 15:22:23] [INFO    ] [req:N/A] [app.main:93] All API routers registered
[2025-11-09 15:22:23] [INFO    ] [req:N/A] [app.main:97] Redis client initialized: redis://localhost:6379/0
[2025-11-09 15:22:23] [INFO    ] [req:N/A] [app.main:133] Static files mounted from: /Users/mayursuhasiya/Desktop/Projects/ai-youtuber-studio/frontend/dist
[2025-11-09 15:22:23] [INFO    ] [req:N/A] [app.main:104] ================================================================================
[2025-11-09 15:22:23] [INFO    ] [req:N/A] [app.main:105] AI YouTuber Studio Backend - Starting Up
[2025-11-09 15:22:23] [INFO    ] [req:N/A] [app.main:106] Environment: development
[2025-11-09 15:22:23] [INFO    ] [req:N/A] [app.main:107] CORS Origins: ['http://localhost:3000', 'http://localhost:5173', 'https://ai-youtuber-studio.vercel.app/']
[2025-11-09 15:22:23] [INFO    ] [req:N/A] [app.main:108] ================================================================================
[2025-11-09 15:22:27] [INFO    ] [req:edde9197] [app.main:34] Request: GET /api/channels/me [client:127.0.0.1] [user-agent:Mozilla/5.0 (Macintosh; Intel Mac OS X 10_15_7) Ap]
[2025-11-09 15:22:27] [INFO    ] [req:edde9197] [app.main:49] Response: GET /api/channels/me [status:200] [duration:104.16ms]
[2025-11-09 15:22:27] [INFO    ] [req:db10e48d] [app.main:34] Request: GET /api/channels/me [client:127.0.0.1] [user-agent:Mozilla/5.0 (Macintosh; Intel Mac OS X 10_15_7) Ap]
[2025-11-09 15:22:27] [INFO    ] [req:db10e48d] [app.main:49] Response: GET /api/channels/me [status:200] [duration:3.07ms]
[2025-11-09 15:22:31] [INFO    ] [req:bb965c8a] [app.main:34] Request: POST /api/channels/3/sync-videos [client:127.0.0.1] [user-agent:Mozilla/5.0 (Macintosh; Intel Mac OS X 10_15_7) Ap]
[2025-11-09 15:22:31] [INFO    ] [req:bb965c8a] [app.api.channels:204] Sync videos request - channel_id=3, user_id=3, limit=20
[2025-11-09 15:22:31] [INFO    ] [req:bb965c8a] [app.api.channels:220] Syncing channel: Mehandi Artist_Miss Mourya 💚 (youtube_id=UCEvzYexJxTTypNFuw0LVvpw)
[2025-11-09 15:22:32] [ERROR   ] [req:bb965c8a] [app.api.channels:249] Failed to refresh credentials for user 3: ('invalid_scope: Bad Request', {'error': 'invalid_scope', 'error_description': 'Bad Request'})
Traceback (most recent call last):
  File "/Users/mayursuhasiya/Desktop/Projects/ai-youtuber-studio/backend/app/api/channels.py", line 246, in sync_channel_videos
    creds.refresh(GoogleAuthRequest())
  File "/Users/mayursuhasiya/Desktop/Projects/ai-youtuber-studio/backend/.venv/lib/python3.12/site-packages/google/oauth2/credentials.py", line 431, in refresh
    ) = reauth.refresh_grant(
        ^^^^^^^^^^^^^^^^^^^^^
  File "/Users/mayursuhasiya/Desktop/Projects/ai-youtuber-studio/backend/.venv/lib/python3.12/site-packages/google/oauth2/reauth.py", line 365, in refresh_grant
    _client._handle_error_response(response_data, retryable_error)
  File "/Users/mayursuhasiya/Desktop/Projects/ai-youtuber-studio/backend/.venv/lib/python3.12/site-packages/google/oauth2/_client.py", line 72, in _handle_error_response
    raise exceptions.RefreshError(
google.auth.exceptions.RefreshError: ('invalid_scope: Bad Request', {'error': 'invalid_scope', 'error_description': 'Bad Request'})
[2025-11-09 15:22:32] [ERROR   ] [req:bb965c8a] [app.main:49] Response: POST /api/channels/3/sync-videos [status:401] [duration:344.12ms]
[2025-11-09 15:23:13] [INFO    ] [req:3a21fd8d] [app.main:34] Request: GET /api/channels/me [client:127.0.0.1] [user-agent:Mozilla/5.0 (Macintosh; Intel Mac OS X 10_15_7) Ap]
[2025-11-09 15:23:13] [INFO    ] [req:3a21fd8d] [app.main:49] Response: GET /api/channels/me [status:200] [duration:10.51ms]
[2025-11-09 15:23:13] [INFO    ] [req:43c1b10e] [app.main:34] Request: GET /api/channels/me [client:127.0.0.1] [user-agent:Mozilla/5.0 (Macintosh; Intel Mac OS X 10_15_7) Ap]
[2025-11-09 15:23:13] [INFO    ] [req:43c1b10e] [app.main:49] Response: GET /api/channels/me [status:200] [duration:9.21ms]
[2025-11-09 15:23:15] [INFO    ] [req:499a2f57] [app.main:34] Request: GET /api/channels/me [client:127.0.0.1] [user-agent:Mozilla/5.0 (Macintosh; Intel Mac OS X 10_15_7) Ap]
[2025-11-09 15:23:15] [INFO    ] [req:499a2f57] [app.main:49] Response: GET /api/channels/me [status:200] [duration:8.82ms]
[2025-11-09 15:23:15] [INFO    ] [req:595e9f7c] [app.main:34] Request: GET /api/channels/me [client:127.0.0.1] [user-agent:Mozilla/5.0 (Macintosh; Intel Mac OS X 10_15_7) Ap]
[2025-11-09 15:23:15] [INFO    ] [req:595e9f7c] [app.main:49] Response: GET /api/channels/me [status:200] [duration:5.63ms]
[2025-11-09 15:23:16] [INFO    ] [req:edaf9a4a] [app.main:34] Request: GET /api/channels/me [client:127.0.0.1] [user-agent:Mozilla/5.0 (Macintosh; Intel Mac OS X 10_15_7) Ap]
[2025-11-09 15:23:16] [INFO    ] [req:edaf9a4a] [app.main:49] Response: GET /api/channels/me [status:200] [duration:6.55ms]
[2025-11-09 15:23:16] [INFO    ] [req:a9970faa] [app.main:34] Request: GET /api/channels/me [client:127.0.0.1] [user-agent:Mozilla/5.0 (Macintosh; Intel Mac OS X 10_15_7) Ap]
[2025-11-09 15:23:16] [INFO    ] [req:a9970faa] [app.main:49] Response: GET /api/channels/me [status:200] [duration:6.04ms]
[2025-11-09 15:23:24] [INFO    ] [req:78c4b058] [app.main:34] Request: GET /api/channels/me [client:127.0.0.1] [user-agent:Mozilla/5.0 (Macintosh; Intel Mac OS X 10_15_7) Ap]
[2025-11-09 15:23:24] [ERROR   ] [req:78c4b058] [app.main:49] Response: GET /api/channels/me [status:401] [duration:3.20ms]
[2025-11-09 15:23:24] [INFO    ] [req:8aecfcbd] [app.main:34] Request: GET /api/channels/me [client:127.0.0.1] [user-agent:Mozilla/5.0 (Macintosh; Intel Mac OS X 10_15_7) Ap]
[2025-11-09 15:23:24] [ERROR   ] [req:8aecfcbd] [app.main:49] Response: GET /api/channels/me [status:401] [duration:4.33ms]
[2025-11-09 15:23:24] [INFO    ] [req:875acfe4] [app.main:34] Request: GET /api/channels/me [client:127.0.0.1] [user-agent:Mozilla/5.0 (Macintosh; Intel Mac OS X 10_15_7) Ap]
[2025-11-09 15:23:24] [ERROR   ] [req:875acfe4] [app.main:49] Response: GET /api/channels/me [status:401] [duration:6.07ms]
[2025-11-09 15:23:25] [INFO    ] [req:be228511] [app.main:34] Request: GET /api/auth/oauth/google/url [client:127.0.0.1] [user-agent:Mozilla/5.0 (Macintosh; Intel Mac OS X 10_15_7) Ap]
[2025-11-09 15:23:25] [INFO    ] [req:be228511] [app.main:49] Response: GET /api/auth/oauth/google/url [status:200] [duration:7.92ms]
[2025-11-09 15:23:42] [INFO    ] [req:6f8b6922] [app.main:34] Request: GET /api/auth/oauth/google/callback [client:127.0.0.1] [user-agent:Mozilla/5.0 (Macintosh; Intel Mac OS X 10_15_7) Ap]
[2025-11-09 15:23:43] [INFO    ] [req:6f8b6922] [app.main:49] Response: GET /api/auth/oauth/google/callback [status:307] [duration:1292.73ms]
[2025-11-09 15:23:44] [INFO    ] [req:18668b2e] [app.main:34] Request: GET /api/channels/me [client:127.0.0.1] [user-agent:Mozilla/5.0 (Macintosh; Intel Mac OS X 10_15_7) Ap]
[2025-11-09 15:23:44] [INFO    ] [req:18668b2e] [app.main:49] Response: GET /api/channels/me [status:200] [duration:6.03ms]
[2025-11-09 15:23:44] [INFO    ] [req:c3d81115] [app.main:34] Request: GET /api/channels/me [client:127.0.0.1] [user-agent:Mozilla/5.0 (Macintosh; Intel Mac OS X 10_15_7) Ap]
[2025-11-09 15:23:44] [INFO    ] [req:c3d81115] [app.main:49] Response: GET /api/channels/me [status:200] [duration:4.40ms]
[2025-11-09 15:23:44] [INFO    ] [req:9792b1ad] [app.main:34] Request: GET /api/channels/me [client:127.0.0.1] [user-agent:Mozilla/5.0 (Macintosh; Intel Mac OS X 10_15_7) Ap]
[2025-11-09 15:23:44] [INFO    ] [req:9792b1ad] [app.main:49] Response: GET /api/channels/me [status:200] [duration:8.04ms]
[2025-11-09 15:23:47] [INFO    ] [req:5494cfbc] [app.main:34] Request: POST /api/channels/3/sync-videos [client:127.0.0.1] [user-agent:Mozilla/5.0 (Macintosh; Intel Mac OS X 10_15_7) Ap]
[2025-11-09 15:23:47] [INFO    ] [req:5494cfbc] [app.api.channels:204] Sync videos request - channel_id=3, user_id=3, limit=20
[2025-11-09 15:23:47] [INFO    ] [req:5494cfbc] [app.api.channels:220] Syncing channel: Mehandi Artist_Miss Mourya 💚 (youtube_id=UCEvzYexJxTTypNFuw0LVvpw)
[2025-11-09 15:23:48] [INFO    ] [req:5494cfbc] [app.services.youtube_client:21] YouTubeClient initialized (authenticated: True)
[2025-11-09 15:23:48] [INFO    ] [req:5494cfbc] [app.api.channels:256] Fetching 20 videos from YouTube for channel UCEvzYexJxTTypNFuw0LVvpw
[2025-11-09 15:23:48] [INFO    ] [req:5494cfbc] [app.api.channels:207] Fetch videos from YouTube - Started
[2025-11-09 15:23:48] [INFO    ] [req:5494cfbc] [app.services.youtube_client:89] Fetching videos for channel UCEvzYexJxTTypNFuw0LVvpw (limit: 20, order: date)
[2025-11-09 15:23:48] [INFO    ] [req:5494cfbc] [app.services.youtube_client:144] Fetched 20 videos for channel UCEvzYexJxTTypNFuw0LVvpw - Total views: 139,228
[2025-11-09 15:23:48] [INFO    ] [req:5494cfbc] [app.api.channels:213] Fetch videos from YouTube - Completed in 706.23ms
[2025-11-09 15:23:48] [INFO    ] [req:5494cfbc] [app.api.channels:263] Successfully fetched 20 videos from YouTube
[2025-11-09 15:23:48] [INFO    ] [req:5494cfbc] [app.api.channels:274] Processing 20 videos for database storage
[2025-11-09 15:23:49] [INFO    ] [req:5494cfbc] [app.api.channels:330] Database committed - new: 0, updated: 20 (user_id=3, channel_id=3)
[2025-11-09 15:23:49] [INFO    ] [req:5494cfbc] [app.api.channels:346] Successfully queued video 58 (YEP0lveMOrA) for processing
[2025-11-09 15:23:49] [INFO    ] [req:5494cfbc] [app.api.channels:346] Successfully queued video 59 (NmytN0UG5iI) for processing
[2025-11-09 15:23:49] [INFO    ] [req:5494cfbc] [app.api.channels:346] Successfully queued video 60 (Mn1jm9FG4Gk) for processing
[2025-11-09 15:23:49] [INFO    ] [req:5494cfbc] [app.api.channels:346] Successfully queued video 61 (LKsLQvrTouM) for processing
[2025-11-09 15:23:49] [INFO    ] [req:5494cfbc] [app.api.channels:346] Successfully queued video 62 (dIf7LzXllvE) for processing
[2025-11-09 15:23:49] [INFO    ] [req:5494cfbc] [app.api.channels:346] Successfully queued video 63 (JQ7vJwya5Q8) for processing
[2025-11-09 15:23:49] [INFO    ] [req:5494cfbc] [app.api.channels:346] Successfully queued video 64 (RzAxYbPdW98) for processing
[2025-11-09 15:23:49] [INFO    ] [req:5494cfbc] [app.api.channels:346] Successfully queued video 65 (WCF7deJ7T6s) for processing
[2025-11-09 15:23:49] [INFO    ] [req:5494cfbc] [app.api.channels:346] Successfully queued video 66 (QxnQd0LwL64) for processing
[2025-11-09 15:23:49] [INFO    ] [req:5494cfbc] [app.api.channels:346] Successfully queued video 67 (afYhx23XkMY) for processing
[2025-11-09 15:23:49] [INFO    ] [req:5494cfbc] [app.api.channels:346] Successfully queued video 68 (P1SKaXMLGnU) for processing
[2025-11-09 15:23:49] [INFO    ] [req:5494cfbc] [app.api.channels:346] Successfully queued video 69 (MclVcJYSnTI) for processing
[2025-11-09 15:23:49] [INFO    ] [req:5494cfbc] [app.api.channels:346] Successfully queued video 70 (5_6N2rvBy60) for processing
[2025-11-09 15:23:49] [INFO    ] [req:5494cfbc] [app.api.channels:346] Successfully queued video 71 (z9Q3UQhLrD8) for processing
[2025-11-09 15:23:49] [INFO    ] [req:5494cfbc] [app.api.channels:346] Successfully queued video 72 (bY15KB084gY) for processing
[2025-11-09 15:23:49] [INFO    ] [req:5494cfbc] [app.api.channels:346] Successfully queued video 73 (nXbdeJpjPqQ) for processing
[2025-11-09 15:23:49] [INFO    ] [req:5494cfbc] [app.api.channels:346] Successfully queued video 74 (PSh3w4GCBdg) for processing
[2025-11-09 15:23:49] [INFO    ] [req:5494cfbc] [app.api.channels:346] Successfully queued video 75 (n6v7mmysi6c) for processing
[2025-11-09 15:23:49] [INFO    ] [req:5494cfbc] [app.api.channels:346] Successfully queued video 76 (5CoGBQeve8M) for processing
[2025-11-09 15:23:49] [INFO    ] [req:5494cfbc] [app.api.channels:346] Successfully queued video 77 (Aa-1L8cV7cQ) for processing
[2025-11-09 15:23:49] [INFO    ] [req:5494cfbc] [app.api.channels:353] Sync complete - new: 0, updated: 20, queued: 20 (user_id=3, channel_id=3)
[2025-11-09 15:23:49] [INFO    ] [req:5494cfbc] [app.main:49] Response: POST /api/channels/3/sync-videos [status:200] [duration:1296.56ms]
[2025-11-09 15:23:55] [INFO    ] [req:cd0b28e4] [app.main:34] Request: GET /api/videos [client:127.0.0.1] [user-agent:Mozilla/5.0 (Macintosh; Intel Mac OS X 10_15_7) Ap]
[2025-11-09 15:23:55] [INFO    ] [req:c8ea4cd7] [app.main:34] Request: GET /api/channels/me [client:127.0.0.1] [user-agent:Mozilla/5.0 (Macintosh; Intel Mac OS X 10_15_7) Ap]
[2025-11-09 15:23:55] [INFO    ] [req:c8ea4cd7] [app.main:49] Response: GET /api/channels/me [status:200] [duration:12.32ms]
[2025-11-09 15:23:55] [INFO    ] [req:cd0b28e4] [app.main:49] Response: GET /api/videos [status:200] [duration:42.71ms]
[2025-11-09 15:23:55] [INFO    ] [req:a320eb6e] [app.main:34] Request: GET /api/videos [client:127.0.0.1] [user-agent:Mozilla/5.0 (Macintosh; Intel Mac OS X 10_15_7) Ap]
[2025-11-09 15:23:55] [INFO    ] [req:a320eb6e] [app.main:49] Response: GET /api/videos [status:200] [duration:8.36ms]
[2025-11-09 15:24:00] [INFO    ] [req:a6be4a4e] [app.main:34] Request: GET /api/videos [client:127.0.0.1] [user-agent:Mozilla/5.0 (Macintosh; Intel Mac OS X 10_15_7) Ap]
[2025-11-09 15:24:00] [INFO    ] [req:a6be4a4e] [app.main:49] Response: GET /api/videos [status:200] [duration:14.11ms]
[2025-11-09 15:24:01] [INFO    ] [req:d675f0d4] [app.main:34] Request: GET /api/channels/me [client:127.0.0.1] [user-agent:Mozilla/5.0 (Macintosh; Intel Mac OS X 10_15_7) Ap]
[2025-11-09 15:24:01] [INFO    ] [req:d675f0d4] [app.main:49] Response: GET /api/channels/me [status:200] [duration:6.08ms]
[2025-11-09 15:24:01] [INFO    ] [req:a3c35f8c] [app.main:34] Request: GET /api/channels/me [client:127.0.0.1] [user-agent:Mozilla/5.0 (Macintosh; Intel Mac OS X 10_15_7) Ap]
[2025-11-09 15:24:01] [INFO    ] [req:a3c35f8c] [app.main:49] Response: GET /api/channels/me [status:200] [duration:8.07ms]
[2025-11-09 15:24:01] [INFO    ] [req:4cd18ac6] [app.main:34] Request: GET /api/videos [client:127.0.0.1] [user-agent:Mozilla/5.0 (Macintosh; Intel Mac OS X 10_15_7) Ap]
[2025-11-09 15:24:01] [INFO    ] [req:4cd18ac6] [app.main:49] Response: GET /api/videos [status:200] [duration:13.05ms]
[2025-11-09 15:24:01] [INFO    ] [req:bafd3920] [app.main:34] Request: GET /api/videos [client:127.0.0.1] [user-agent:Mozilla/5.0 (Macintosh; Intel Mac OS X 10_15_7) Ap]
[2025-11-09 15:24:01] [INFO    ] [req:bafd3920] [app.main:49] Response: GET /api/videos [status:200] [duration:9.41ms]
[2025-11-09 15:24:03] [INFO    ] [req:d970fc74] [app.main:34] Request: GET /api/channels/me [client:127.0.0.1] [user-agent:Mozilla/5.0 (Macintosh; Intel Mac OS X 10_15_7) Ap]
[2025-11-09 15:24:03] [INFO    ] [req:d970fc74] [app.main:49] Response: GET /api/channels/me [status:200] [duration:9.85ms]
[2025-11-09 15:24:03] [INFO    ] [req:8bf39f68] [app.main:34] Request: GET /api/channels/me [client:127.0.0.1] [user-agent:Mozilla/5.0 (Macintosh; Intel Mac OS X 10_15_7) Ap]
[2025-11-09 15:24:03] [INFO    ] [req:8bf39f68] [app.main:49] Response: GET /api/channels/me [status:200] [duration:7.46ms]
[2025-11-09 15:24:03] [INFO    ] [req:d0135376] [app.main:34] Request: GET /api/videos [client:127.0.0.1] [user-agent:Mozilla/5.0 (Macintosh; Intel Mac OS X 10_15_7) Ap]
[2025-11-09 15:24:03] [INFO    ] [req:d0135376] [app.main:49] Response: GET /api/videos [status:200] [duration:10.75ms]
[2025-11-09 15:24:03] [INFO    ] [req:466b93bf] [app.main:34] Request: GET /api/videos [client:127.0.0.1] [user-agent:Mozilla/5.0 (Macintosh; Intel Mac OS X 10_15_7) Ap]
[2025-11-09 15:24:03] [INFO    ] [req:466b93bf] [app.main:49] Response: GET /api/videos [status:200] [duration:8.45ms]
[2025-11-09 15:24:03] [INFO    ] [req:12446e1b] [app.main:34] Request: GET /api/channels/me [client:127.0.0.1] [user-agent:Mozilla/5.0 (Macintosh; Intel Mac OS X 10_15_7) Ap]
[2025-11-09 15:24:03] [INFO    ] [req:12446e1b] [app.main:49] Response: GET /api/channels/me [status:200] [duration:7.97ms]
[2025-11-09 15:24:03] [INFO    ] [req:1fbddd46] [app.main:34] Request: GET /api/channels/me [client:127.0.0.1] [user-agent:Mozilla/5.0 (Macintosh; Intel Mac OS X 10_15_7) Ap]
[2025-11-09 15:24:03] [INFO    ] [req:1fbddd46] [app.main:49] Response: GET /api/channels/me [status:200] [duration:6.05ms]
[2025-11-09 15:24:03] [INFO    ] [req:b2a009d1] [app.main:34] Request: GET /api/videos [client:127.0.0.1] [user-agent:Mozilla/5.0 (Macintosh; Intel Mac OS X 10_15_7) Ap]
[2025-11-09 15:24:03] [INFO    ] [req:b2a009d1] [app.main:49] Response: GET /api/videos [status:200] [duration:10.67ms]
[2025-11-09 15:24:03] [INFO    ] [req:816438c5] [app.main:34] Request: GET /api/videos [client:127.0.0.1] [user-agent:Mozilla/5.0 (Macintosh; Intel Mac OS X 10_15_7) Ap]
[2025-11-09 15:24:04] [INFO    ] [req:816438c5] [app.main:49] Response: GET /api/videos [status:200] [duration:9.01ms]
[2025-11-09 15:24:04] [INFO    ] [req:0e1af0fc] [app.main:34] Request: GET /api/channels/me [client:127.0.0.1] [user-agent:Mozilla/5.0 (Macintosh; Intel Mac OS X 10_15_7) Ap]
[2025-11-09 15:24:04] [INFO    ] [req:0e1af0fc] [app.main:49] Response: GET /api/channels/me [status:200] [duration:8.53ms]
[2025-11-09 15:24:04] [INFO    ] [req:1edc7b06] [app.main:34] Request: GET /api/channels/me [client:127.0.0.1] [user-agent:Mozilla/5.0 (Macintosh; Intel Mac OS X 10_15_7) Ap]
[2025-11-09 15:24:05] [INFO    ] [req:1edc7b06] [app.main:49] Response: GET /api/channels/me [status:200] [duration:6.58ms]
[2025-11-09 15:24:05] [INFO    ] [req:957d5628] [app.main:34] Request: GET /api/videos [client:127.0.0.1] [user-agent:Mozilla/5.0 (Macintosh; Intel Mac OS X 10_15_7) Ap]
[2025-11-09 15:24:05] [INFO    ] [req:957d5628] [app.main:49] Response: GET /api/videos [status:200] [duration:10.54ms]
[2025-11-09 15:24:05] [INFO    ] [req:1eba522b] [app.main:34] Request: GET /api/videos [client:127.0.0.1] [user-agent:Mozilla/5.0 (Macintosh; Intel Mac OS X 10_15_7) Ap]
[2025-11-09 15:24:05] [INFO    ] [req:1eba522b] [app.main:49] Response: GET /api/videos [status:200] [duration:8.45ms]
[2025-11-09 15:24:10] [INFO    ] [req:8b3806d3] [app.main:34] Request: GET /api/videos [client:127.0.0.1] [user-agent:Mozilla/5.0 (Macintosh; Intel Mac OS X 10_15_7) Ap]
[2025-11-09 15:24:10] [INFO    ] [req:8b3806d3] [app.main:49] Response: GET /api/videos [status:200] [duration:15.51ms]
[2025-11-09 15:24:15] [INFO    ] [req:ee5dff6c] [app.main:34] Request: GET /api/videos [client:127.0.0.1] [user-agent:Mozilla/5.0 (Macintosh; Intel Mac OS X 10_15_7) Ap]
[2025-11-09 15:24:15] [INFO    ] [req:ee5dff6c] [app.main:49] Response: GET /api/videos [status:200] [duration:16.89ms]
[2025-11-09 15:24:16] [INFO    ] [req:b739e2dd] [app.main:34] Request: GET /api/channels/me [client:127.0.0.1] [user-agent:Mozilla/5.0 (Macintosh; Intel Mac OS X 10_15_7) Ap]
[2025-11-09 15:24:16] [INFO    ] [req:b739e2dd] [app.main:49] Response: GET /api/channels/me [status:200] [duration:6.61ms]
[2025-11-09 15:24:16] [INFO    ] [req:51e3fe07] [app.main:34] Request: GET /api/channels/me [client:127.0.0.1] [user-agent:Mozilla/5.0 (Macintosh; Intel Mac OS X 10_15_7) Ap]
[2025-11-09 15:24:16] [INFO    ] [req:51e3fe07] [app.main:49] Response: GET /api/channels/me [status:200] [duration:6.82ms]
[2025-11-09 15:24:16] [INFO    ] [req:b019d7cc] [app.main:34] Request: GET /api/videos [client:127.0.0.1] [user-agent:Mozilla/5.0 (Macintosh; Intel Mac OS X 10_15_7) Ap]
[2025-11-09 15:24:16] [INFO    ] [req:b019d7cc] [app.main:49] Response: GET /api/videos [status:200] [duration:21.93ms]
[2025-11-09 15:24:16] [INFO    ] [req:2f1ba201] [app.main:34] Request: GET /api/videos [client:127.0.0.1] [user-agent:Mozilla/5.0 (Macintosh; Intel Mac OS X 10_15_7) Ap]
[2025-11-09 15:24:16] [INFO    ] [req:2f1ba201] [app.main:49] Response: GET /api/videos [status:200] [duration:3.68ms]
[2025-11-09 15:24:21] [INFO    ] [req:e58bd56a] [app.main:34] Request: GET /api/videos [client:127.0.0.1] [user-agent:Mozilla/5.0 (Macintosh; Intel Mac OS X 10_15_7) Ap]
[2025-11-09 15:24:21] [INFO    ] [req:e58bd56a] [app.main:49] Response: GET /api/videos [status:200] [duration:14.97ms]
[2025-11-09 15:24:24] [INFO    ] [req:78c3912f] [app.main:34] Request: GET /api/channels/me [client:127.0.0.1] [user-agent:Mozilla/5.0 (Macintosh; Intel Mac OS X 10_15_7) Ap]
[2025-11-09 15:24:24] [INFO    ] [req:78c3912f] [app.main:49] Response: GET /api/channels/me [status:200] [duration:6.78ms]
[2025-11-09 15:24:24] [INFO    ] [req:4093ed89] [app.main:34] Request: GET /api/channels/me [client:127.0.0.1] [user-agent:Mozilla/5.0 (Macintosh; Intel Mac OS X 10_15_7) Ap]
[2025-11-09 15:24:24] [INFO    ] [req:4093ed89] [app.main:49] Response: GET /api/channels/me [status:200] [duration:5.40ms]
[2025-11-09 15:24:24] [INFO    ] [req:dfe130cd] [app.main:34] Request: GET /api/videos [client:127.0.0.1] [user-agent:Mozilla/5.0 (Macintosh; Intel Mac OS X 10_15_7) Ap]
[2025-11-09 15:24:24] [INFO    ] [req:dfe130cd] [app.main:49] Response: GET /api/videos [status:200] [duration:10.68ms]
[2025-11-09 15:24:24] [INFO    ] [req:b42bed31] [app.main:34] Request: GET /api/videos [client:127.0.0.1] [user-agent:Mozilla/5.0 (Macintosh; Intel Mac OS X 10_15_7) Ap]
[2025-11-09 15:24:24] [INFO    ] [req:b42bed31] [app.main:49] Response: GET /api/videos [status:200] [duration:13.30ms]
[2025-11-09 15:24:28] [INFO    ] [req:33224722] [app.main:34] Request: GET /api/channels/me [client:127.0.0.1] [user-agent:Mozilla/5.0 (Macintosh; Intel Mac OS X 10_15_7) Ap]
[2025-11-09 15:24:28] [INFO    ] [req:33224722] [app.main:49] Response: GET /api/channels/me [status:200] [duration:6.63ms]
[2025-11-09 15:24:28] [INFO    ] [req:b597ac4c] [app.main:34] Request: GET /api/channels/me [client:127.0.0.1] [user-agent:Mozilla/5.0 (Macintosh; Intel Mac OS X 10_15_7) Ap]
[2025-11-09 15:24:28] [INFO    ] [req:b597ac4c] [app.main:49] Response: GET /api/channels/me [status:200] [duration:5.85ms]
[2025-11-09 15:24:28] [INFO    ] [req:7dc5c0ca] [app.main:34] Request: GET /api/videos [client:127.0.0.1] [user-agent:Mozilla/5.0 (Macintosh; Intel Mac OS X 10_15_7) Ap]
[2025-11-09 15:24:28] [INFO    ] [req:7dc5c0ca] [app.main:49] Response: GET /api/videos [status:200] [duration:9.05ms]
[2025-11-09 15:24:28] [INFO    ] [req:80770aeb] [app.main:34] Request: GET /api/videos [client:127.0.0.1] [user-agent:Mozilla/5.0 (Macintosh; Intel Mac OS X 10_15_7) Ap]
[2025-11-09 15:24:28] [INFO    ] [req:80770aeb] [app.main:49] Response: GET /api/videos [status:200] [duration:9.02ms]
[2025-11-09 15:24:29] [INFO    ] [req:01c30cd5] [app.main:34] Request: GET /api/channels/me [client:127.0.0.1] [user-agent:Mozilla/5.0 (Macintosh; Intel Mac OS X 10_15_7) Ap]
[2025-11-09 15:24:29] [INFO    ] [req:01c30cd5] [app.main:49] Response: GET /api/channels/me [status:200] [duration:7.24ms]
[2025-11-09 15:24:29] [INFO    ] [req:1fd6335c] [app.main:34] Request: GET /api/channels/me [client:127.0.0.1] [user-agent:Mozilla/5.0 (Macintosh; Intel Mac OS X 10_15_7) Ap]
[2025-11-09 15:24:29] [INFO    ] [req:1fd6335c] [app.main:49] Response: GET /api/channels/me [status:200] [duration:6.30ms]
[2025-11-09 15:24:29] [INFO    ] [req:a89d57d3] [app.main:34] Request: GET /api/videos [client:127.0.0.1] [user-agent:Mozilla/5.0 (Macintosh; Intel Mac OS X 10_15_7) Ap]
[2025-11-09 15:24:29] [INFO    ] [req:a89d57d3] [app.main:49] Response: GET /api/videos [status:200] [duration:10.49ms]
[2025-11-09 15:24:29] [INFO    ] [req:4ff1227f] [app.main:34] Request: GET /api/videos [client:127.0.0.1] [user-agent:Mozilla/5.0 (Macintosh; Intel Mac OS X 10_15_7) Ap]
[2025-11-09 15:24:29] [INFO    ] [req:4ff1227f] [app.main:49] Response: GET /api/videos [status:200] [duration:7.94ms]
[2025-11-09 15:24:34] [INFO    ] [req:c88d04a4] [app.main:34] Request: GET /api/videos [client:127.0.0.1] [user-agent:Mozilla/5.0 (Macintosh; Intel Mac OS X 10_15_7) Ap]
[2025-11-09 15:24:34] [INFO    ] [req:c88d04a4] [app.main:49] Response: GET /api/videos [status:200] [duration:10.16ms]
[2025-11-09 15:24:39] [INFO    ] [req:a6c1d904] [app.main:34] Request: GET /api/videos [client:127.0.0.1] [user-agent:Mozilla/5.0 (Macintosh; Intel Mac OS X 10_15_7) Ap]
[2025-11-09 15:24:39] [INFO    ] [req:a6c1d904] [app.main:49] Response: GET /api/videos [status:200] [duration:10.99ms]
[2025-11-09 15:24:44] [INFO    ] [req:1257d2a8] [app.main:34] Request: GET /api/videos [client:127.0.0.1] [user-agent:Mozilla/5.0 (Macintosh; Intel Mac OS X 10_15_7) Ap]
[2025-11-09 15:24:44] [INFO    ] [req:1257d2a8] [app.main:49] Response: GET /api/videos [status:200] [duration:11.66ms]
[2025-11-09 15:24:46] [INFO    ] [req:1cedea58] [app.main:34] Request: GET /api/channels/me [client:127.0.0.1] [user-agent:Mozilla/5.0 (Macintosh; Intel Mac OS X 10_15_7) Ap]
[2025-11-09 15:24:46] [INFO    ] [req:1cedea58] [app.main:49] Response: GET /api/channels/me [status:200] [duration:8.22ms]
[2025-11-09 15:24:46] [INFO    ] [req:0504ad71] [app.main:34] Request: GET /api/channels/me [client:127.0.0.1] [user-agent:Mozilla/5.0 (Macintosh; Intel Mac OS X 10_15_7) Ap]
[2025-11-09 15:24:46] [INFO    ] [req:0504ad71] [app.main:49] Response: GET /api/channels/me [status:200] [duration:6.01ms]
[2025-11-09 15:24:46] [INFO    ] [req:e5f306a9] [app.main:34] Request: GET /api/videos [client:127.0.0.1] [user-agent:Mozilla/5.0 (Macintosh; Intel Mac OS X 10_15_7) Ap]
[2025-11-09 15:24:46] [INFO    ] [req:e5f306a9] [app.main:49] Response: GET /api/videos [status:200] [duration:12.86ms]
[2025-11-09 15:24:46] [INFO    ] [req:459cf6c7] [app.main:34] Request: GET /api/videos [client:127.0.0.1] [user-agent:Mozilla/5.0 (Macintosh; Intel Mac OS X 10_15_7) Ap]
[2025-11-09 15:24:46] [INFO    ] [req:459cf6c7] [app.main:49] Response: GET /api/videos [status:200] [duration:8.92ms]
[2025-11-09 15:24:48] [INFO    ] [req:a835269a] [app.main:34] Request: GET /api/channels/me [client:127.0.0.1] [user-agent:Mozilla/5.0 (Macintosh; Intel Mac OS X 10_15_7) Ap]
[2025-11-09 15:24:48] [INFO    ] [req:a835269a] [app.main:49] Response: GET /api/channels/me [status:200] [duration:6.98ms]
[2025-11-09 15:24:48] [INFO    ] [req:2bef0ef5] [app.main:34] Request: POST /api/channels/3/sync-videos [client:127.0.0.1] [user-agent:Mozilla/5.0 (Macintosh; Intel Mac OS X 10_15_7) Ap]
[2025-11-09 15:24:48] [INFO    ] [req:2bef0ef5] [app.api.channels:204] Sync videos request - channel_id=3, user_id=3, limit=20
[2025-11-09 15:24:48] [INFO    ] [req:2bef0ef5] [app.api.channels:220] Syncing channel: Mehandi Artist_Miss Mourya 💚 (youtube_id=UCEvzYexJxTTypNFuw0LVvpw)
[2025-11-09 15:24:49] [INFO    ] [req:2bef0ef5] [app.services.youtube_client:21] YouTubeClient initialized (authenticated: True)
[2025-11-09 15:24:49] [INFO    ] [req:2bef0ef5] [app.api.channels:256] Fetching 20 videos from YouTube for channel UCEvzYexJxTTypNFuw0LVvpw
[2025-11-09 15:24:49] [INFO    ] [req:2bef0ef5] [app.api.channels:207] Fetch videos from YouTube - Started
[2025-11-09 15:24:49] [INFO    ] [req:2bef0ef5] [app.services.youtube_client:89] Fetching videos for channel UCEvzYexJxTTypNFuw0LVvpw (limit: 20, order: date)
[2025-11-09 15:24:49] [INFO    ] [req:2bef0ef5] [app.services.youtube_client:102] No videos found for channel UCEvzYexJxTTypNFuw0LVvpw
[2025-11-09 15:24:49] [INFO    ] [req:2bef0ef5] [app.api.channels:213] Fetch videos from YouTube - Completed in 460.88ms
[2025-11-09 15:24:49] [INFO    ] [req:2bef0ef5] [app.api.channels:263] Successfully fetched 0 videos from YouTube
[2025-11-09 15:24:49] [INFO    ] [req:2bef0ef5] [app.api.channels:274] Processing 0 videos for database storage
[2025-11-09 15:24:49] [INFO    ] [req:2bef0ef5] [app.api.channels:330] Database committed - new: 0, updated: 0 (user_id=3, channel_id=3)
[2025-11-09 15:24:49] [INFO    ] [req:2bef0ef5] [app.api.channels:353] Sync complete - new: 0, updated: 0, queued: 0 (user_id=3, channel_id=3)
[2025-11-09 15:24:49] [INFO    ] [req:2bef0ef5] [app.main:49] Response: POST /api/channels/3/sync-videos [status:200] [duration:861.80ms]
[2025-11-09 15:24:51] [INFO    ] [req:bcbfb3c9] [app.main:34] Request: GET /api/videos [client:127.0.0.1] [user-agent:Mozilla/5.0 (Macintosh; Intel Mac OS X 10_15_7) Ap]
[2025-11-09 15:24:51] [INFO    ] [req:1428c992] [app.main:34] Request: GET /api/channels/me [client:127.0.0.1] [user-agent:Mozilla/5.0 (Macintosh; Intel Mac OS X 10_15_7) Ap]
[2025-11-09 15:24:51] [INFO    ] [req:1428c992] [app.main:49] Response: GET /api/channels/me [status:200] [duration:15.03ms]
[2025-11-09 15:24:51] [INFO    ] [req:bcbfb3c9] [app.main:49] Response: GET /api/videos [status:200] [duration:17.79ms]
[2025-11-09 15:24:51] [INFO    ] [req:426eff1c] [app.main:34] Request: GET /api/videos [client:127.0.0.1] [user-agent:Mozilla/5.0 (Macintosh; Intel Mac OS X 10_15_7) Ap]
[2025-11-09 15:24:51] [INFO    ] [req:426eff1c] [app.main:49] Response: GET /api/videos [status:200] [duration:7.57ms]
[2025-11-09 15:24:53] [INFO    ] [req:eca7ab33] [app.main:34] Request: GET /api/channels/me [client:127.0.0.1] [user-agent:Mozilla/5.0 (Macintosh; Intel Mac OS X 10_15_7) Ap]
[2025-11-09 15:24:53] [INFO    ] [req:eca7ab33] [app.main:49] Response: GET /api/channels/me [status:200] [duration:5.95ms]
[2025-11-09 15:24:53] [INFO    ] [req:4fc3b12b] [app.main:34] Request: GET /api/channels/me [client:127.0.0.1] [user-agent:Mozilla/5.0 (Macintosh; Intel Mac OS X 10_15_7) Ap]
[2025-11-09 15:24:53] [INFO    ] [req:4fc3b12b] [app.main:49] Response: GET /api/channels/me [status:200] [duration:5.29ms]
[2025-11-09 15:24:53] [INFO    ] [req:26b85785] [app.main:34] Request: GET /api/videos [client:127.0.0.1] [user-agent:Mozilla/5.0 (Macintosh; Intel Mac OS X 10_15_7) Ap]
[2025-11-09 15:24:53] [INFO    ] [req:26b85785] [app.main:49] Response: GET /api/videos [status:200] [duration:11.18ms]
[2025-11-09 15:24:53] [INFO    ] [req:444cf277] [app.main:34] Request: GET /api/videos [client:127.0.0.1] [user-agent:Mozilla/5.0 (Macintosh; Intel Mac OS X 10_15_7) Ap]
[2025-11-09 15:24:53] [INFO    ] [req:444cf277] [app.main:49] Response: GET /api/videos [status:200] [duration:11.57ms]
[2025-11-09 15:24:58] [INFO    ] [req:ca36e9c0] [app.main:34] Request: GET /api/videos [client:127.0.0.1] [user-agent:Mozilla/5.0 (Macintosh; Intel Mac OS X 10_15_7) Ap]
[2025-11-09 15:24:58] [INFO    ] [req:ca36e9c0] [app.main:49] Response: GET /api/videos [status:200] [duration:13.96ms]
[2025-11-09 15:25:01] [INFO    ] [req:85efc9ac] [app.main:34] Request: POST /api/videos/76/retry [client:127.0.0.1] [user-agent:Mozilla/5.0 (Macintosh; Intel Mac OS X 10_15_7) Ap]
[2025-11-09 15:25:01] [ERROR   ] [req:85efc9ac] [app.main:49] Response: POST /api/videos/76/retry [status:405] [duration:2.50ms]
[2025-11-09 15:25:02] [INFO    ] [req:8542549c] [app.main:34] Request: POST /api/videos/75/retry [client:127.0.0.1] [user-agent:Mozilla/5.0 (Macintosh; Intel Mac OS X 10_15_7) Ap]
[2025-11-09 15:25:02] [ERROR   ] [req:8542549c] [app.main:49] Response: POST /api/videos/75/retry [status:405] [duration:2.76ms]
[2025-11-09 15:25:03] [INFO    ] [req:69efca71] [app.main:34] Request: POST /api/videos/75/retry [client:127.0.0.1] [user-agent:Mozilla/5.0 (Macintosh; Intel Mac OS X 10_15_7) Ap]
[2025-11-09 15:25:03] [ERROR   ] [req:69efca71] [app.main:49] Response: POST /api/videos/75/retry [status:405] [duration:1.35ms]
[2025-11-09 15:25:03] [INFO    ] [req:a0332f01] [app.main:34] Request: GET /api/videos [client:127.0.0.1] [user-agent:Mozilla/5.0 (Macintosh; Intel Mac OS X 10_15_7) Ap]
[2025-11-09 15:25:03] [INFO    ] [req:a0332f01] [app.main:49] Response: GET /api/videos [status:200] [duration:11.53ms]
[2025-11-09 15:25:04] [INFO    ] [req:ab8df12f] [app.main:34] Request: POST /api/videos/74/retry [client:127.0.0.1] [user-agent:Mozilla/5.0 (Macintosh; Intel Mac OS X 10_15_7) Ap]
[2025-11-09 15:25:04] [ERROR   ] [req:ab8df12f] [app.main:49] Response: POST /api/videos/74/retry [status:405] [duration:1.66ms]
[2025-11-09 15:25:08] [INFO    ] [req:a18f0f4c] [app.main:34] Request: GET /api/videos [client:127.0.0.1] [user-agent:Mozilla/5.0 (Macintosh; Intel Mac OS X 10_15_7) Ap]
[2025-11-09 15:25:08] [INFO    ] [req:a18f0f4c] [app.main:49] Response: GET /api/videos [status:200] [duration:19.53ms]
[2025-11-09 15:25:13] [INFO    ] [req:1fbbc10f] [app.main:34] Request: GET /api/videos [client:127.0.0.1] [user-agent:Mozilla/5.0 (Macintosh; Intel Mac OS X 10_15_7) Ap]
[2025-11-09 15:25:13] [INFO    ] [req:1fbbc10f] [app.main:49] Response: GET /api/videos [status:200] [duration:14.56ms]
[2025-11-09 15:25:17] [INFO    ] [req:fe686880] [app.main:34] Request: GET /api/channels/me [client:127.0.0.1] [user-agent:Mozilla/5.0 (Macintosh; Intel Mac OS X 10_15_7) Ap]
[2025-11-09 15:25:17] [INFO    ] [req:fe686880] [app.main:49] Response: GET /api/channels/me [status:200] [duration:12.76ms]
[2025-11-09 15:25:17] [INFO    ] [req:ddef6d3c] [app.main:34] Request: GET /api/channels/me [client:127.0.0.1] [user-agent:Mozilla/5.0 (Macintosh; Intel Mac OS X 10_15_7) Ap]
[2025-11-09 15:25:17] [INFO    ] [req:ceab68e6] [app.main:34] Request: GET /api/videos [client:127.0.0.1] [user-agent:Mozilla/5.0 (Macintosh; Intel Mac OS X 10_15_7) Ap]
[2025-11-09 15:25:17] [INFO    ] [req:ddef6d3c] [app.main:49] Response: GET /api/channels/me [status:200] [duration:29.54ms]
[2025-11-09 15:25:17] [INFO    ] [req:ceab68e6] [app.main:49] Response: GET /api/videos [status:200] [duration:12.96ms]
[2025-11-09 15:25:17] [INFO    ] [req:7e6fc616] [app.main:34] Request: GET /api/videos [client:127.0.0.1] [user-agent:Mozilla/5.0 (Macintosh; Intel Mac OS X 10_15_7) Ap]
[2025-11-09 15:25:17] [INFO    ] [req:7e6fc616] [app.main:49] Response: GET /api/videos [status:200] [duration:31.26ms]
[2025-11-09 15:25:22] [INFO    ] [req:04dfb6c2] [app.main:34] Request: GET /api/videos [client:127.0.0.1] [user-agent:Mozilla/5.0 (Macintosh; Intel Mac OS X 10_15_7) Ap]
[2025-11-09 15:25:22] [INFO    ] [req:04dfb6c2] [app.main:49] Response: GET /api/videos [status:200] [duration:9.98ms]
[2025-11-09 15:25:25] [INFO    ] [req:ac4a4c13] [app.main:34] Request: GET /api/channels/me [client:127.0.0.1] [user-agent:Mozilla/5.0 (Macintosh; Intel Mac OS X 10_15_7) Ap]
[2025-11-09 15:25:25] [INFO    ] [req:ac4a4c13] [app.main:49] Response: GET /api/channels/me [status:200] [duration:7.91ms]
[2025-11-09 15:25:25] [INFO    ] [req:3215ef1e] [app.main:34] Request: GET /api/channels/me [client:127.0.0.1] [user-agent:Mozilla/5.0 (Macintosh; Intel Mac OS X 10_15_7) Ap]
[2025-11-09 15:25:25] [INFO    ] [req:3215ef1e] [app.main:49] Response: GET /api/channels/me [status:200] [duration:5.98ms]
[2025-11-09 15:25:25] [INFO    ] [req:387a196f] [app.main:34] Request: GET /api/videos [client:127.0.0.1] [user-agent:Mozilla/5.0 (Macintosh; Intel Mac OS X 10_15_7) Ap]
[2025-11-09 15:25:25] [INFO    ] [req:387a196f] [app.main:49] Response: GET /api/videos [status:200] [duration:9.00ms]
[2025-11-09 15:25:25] [INFO    ] [req:3b229d3e] [app.main:34] Request: GET /api/videos [client:127.0.0.1] [user-agent:Mozilla/5.0 (Macintosh; Intel Mac OS X 10_15_7) Ap]
[2025-11-09 15:25:25] [INFO    ] [req:3b229d3e] [app.main:49] Response: GET /api/videos [status:200] [duration:13.98ms]
[2025-11-09 15:25:30] [INFO    ] [req:7f025dc0] [app.main:34] Request: GET /api/videos [client:127.0.0.1] [user-agent:Mozilla/5.0 (Macintosh; Intel Mac OS X 10_15_7) Ap]
[2025-11-09 15:25:30] [INFO    ] [req:7f025dc0] [app.main:49] Response: GET /api/videos [status:200] [duration:14.88ms]
[2025-11-09 15:25:35] [INFO    ] [req:76009d12] [app.main:34] Request: GET /api/videos [client:127.0.0.1] [user-agent:Mozilla/5.0 (Macintosh; Intel Mac OS X 10_15_7) Ap]
[2025-11-09 15:25:35] [INFO    ] [req:76009d12] [app.main:49] Response: GET /api/videos [status:200] [duration:10.47ms]
[2025-11-09 15:25:40] [INFO    ] [req:6b31dec1] [app.main:34] Request: GET /api/videos [client:127.0.0.1] [user-agent:Mozilla/5.0 (Macintosh; Intel Mac OS X 10_15_7) Ap]
[2025-11-09 15:25:40] [INFO    ] [req:6b31dec1] [app.main:49] Response: GET /api/videos [status:200] [duration:13.39ms]
[2025-11-09 15:25:45] [INFO    ] [req:381147ad] [app.main:34] Request: GET /api/videos [client:127.0.0.1] [user-agent:Mozilla/5.0 (Macintosh; Intel Mac OS X 10_15_7) Ap]
[2025-11-09 15:25:45] [INFO    ] [req:381147ad] [app.main:49] Response: GET /api/videos [status:200] [duration:13.71ms]
[2025-11-09 15:25:50] [INFO    ] [req:37f0ee56] [app.main:34] Request: GET /api/videos [client:127.0.0.1] [user-agent:Mozilla/5.0 (Macintosh; Intel Mac OS X 10_15_7) Ap]
[2025-11-09 15:25:50] [INFO    ] [req:37f0ee56] [app.main:49] Response: GET /api/videos [status:200] [duration:10.02ms]
[2025-11-09 15:25:54] [INFO    ] [req:N/A] [app.main:114] ================================================================================
[2025-11-09 15:25:54] [INFO    ] [req:N/A] [app.main:115] AI YouTuber Studio Backend - Shutting Down
[2025-11-09 15:25:54] [INFO    ] [req:N/A] [app.main:116] ================================================================================
[2025-11-09 15:25:58] [INFO    ] [req:N/A] [root:152] ================================================================================
[2025-11-09 15:25:58] [INFO    ] [req:N/A] [root:153] Logging initialized - Level: INFO, File: /Users/mayursuhasiya/Desktop/Projects/ai-youtuber-studio/backend/logs/app.log
[2025-11-09 15:25:58] [INFO    ] [req:N/A] [root:154] ================================================================================
[2025-11-09 15:26:00] [INFO    ] [req:N/A] [root:152] ================================================================================
[2025-11-09 15:26:00] [INFO    ] [req:N/A] [root:153] Logging initialized - Level: INFO, File: /Users/mayursuhasiya/Desktop/Projects/ai-youtuber-studio/backend/logs/app.log
[2025-11-09 15:26:00] [INFO    ] [req:N/A] [root:154] ================================================================================
[2025-11-09 15:26:00] [INFO    ] [req:N/A] [app.main:22] FastAPI application initialized
[2025-11-09 15:26:00] [INFO    ] [req:N/A] [app.main:93] All API routers registered
[2025-11-09 15:26:00] [INFO    ] [req:N/A] [app.main:97] Redis client initialized: redis://localhost:6379/0
[2025-11-09 15:26:00] [INFO    ] [req:N/A] [app.main:133] Static files mounted from: /Users/mayursuhasiya/Desktop/Projects/ai-youtuber-studio/frontend/dist
[2025-11-09 15:26:00] [INFO    ] [req:N/A] [app.main:104] ================================================================================
[2025-11-09 15:26:00] [INFO    ] [req:N/A] [app.main:105] AI YouTuber Studio Backend - Starting Up
[2025-11-09 15:26:00] [INFO    ] [req:N/A] [app.main:106] Environment: development
[2025-11-09 15:26:00] [INFO    ] [req:N/A] [app.main:107] CORS Origins: ['http://localhost:3000', 'http://localhost:5173', 'https://ai-youtuber-studio.vercel.app/']
[2025-11-09 15:26:00] [INFO    ] [req:N/A] [app.main:108] ================================================================================
[2025-11-09 15:26:00] [INFO    ] [req:5080a2a6] [app.main:34] Request: GET /api/videos [client:127.0.0.1] [user-agent:Mozilla/5.0 (Macintosh; Intel Mac OS X 10_15_7) Ap]
[2025-11-09 15:26:00] [INFO    ] [req:5080a2a6] [app.main:49] Response: GET /api/videos [status:200] [duration:68.29ms]
[2025-11-09 15:26:00] [INFO    ] [req:e66368d3] [app.main:34] Request: GET /api/videos [client:127.0.0.1] [user-agent:Mozilla/5.0 (Macintosh; Intel Mac OS X 10_15_7) Ap]
[2025-11-09 15:26:00] [INFO    ] [req:e66368d3] [app.main:49] Response: GET /api/videos [status:200] [duration:17.91ms]
[2025-11-09 09:56:02] [INFO    ] [req:N/A] [root:152] ================================================================================
[2025-11-09 09:56:02] [INFO    ] [req:N/A] [root:153] Logging initialized - Level: INFO, File: /app/logs/app.log
[2025-11-09 09:56:02] [INFO    ] [req:N/A] [root:154] ================================================================================
[2025-11-09 15:26:05] [INFO    ] [req:2ac18821] [app.main:34] Request: GET /api/videos [client:127.0.0.1] [user-agent:Mozilla/5.0 (Macintosh; Intel Mac OS X 10_15_7) Ap]
[2025-11-09 15:26:05] [INFO    ] [req:2ac18821] [app.main:49] Response: GET /api/videos [status:200] [duration:9.45ms]
[2025-11-09 15:26:08] [INFO    ] [req:N/A] [app.main:114] ================================================================================
[2025-11-09 15:26:08] [INFO    ] [req:N/A] [app.main:115] AI YouTuber Studio Backend - Shutting Down
[2025-11-09 15:26:08] [INFO    ] [req:N/A] [app.main:116] ================================================================================
[2025-11-09 15:26:12] [INFO    ] [req:N/A] [root:152] ================================================================================
[2025-11-09 15:26:12] [INFO    ] [req:N/A] [root:153] Logging initialized - Level: INFO, File: /Users/mayursuhasiya/Desktop/Projects/ai-youtuber-studio/backend/logs/app.log
[2025-11-09 15:26:12] [INFO    ] [req:N/A] [root:154] ================================================================================
[2025-11-09 15:26:13] [INFO    ] [req:N/A] [root:152] ================================================================================
[2025-11-09 15:26:13] [INFO    ] [req:N/A] [root:153] Logging initialized - Level: INFO, File: /Users/mayursuhasiya/Desktop/Projects/ai-youtuber-studio/backend/logs/app.log
[2025-11-09 15:26:13] [INFO    ] [req:N/A] [root:154] ================================================================================
[2025-11-09 15:26:13] [INFO    ] [req:N/A] [app.main:22] FastAPI application initialized
[2025-11-09 15:26:13] [INFO    ] [req:N/A] [app.main:93] All API routers registered
[2025-11-09 15:26:13] [INFO    ] [req:N/A] [app.main:97] Redis client initialized: redis://localhost:6379/0
[2025-11-09 15:26:13] [INFO    ] [req:N/A] [app.main:133] Static files mounted from: /Users/mayursuhasiya/Desktop/Projects/ai-youtuber-studio/frontend/dist
[2025-11-09 15:26:13] [INFO    ] [req:N/A] [app.main:104] ================================================================================
[2025-11-09 15:26:13] [INFO    ] [req:N/A] [app.main:105] AI YouTuber Studio Backend - Starting Up
[2025-11-09 15:26:13] [INFO    ] [req:N/A] [app.main:106] Environment: development
[2025-11-09 15:26:13] [INFO    ] [req:N/A] [app.main:107] CORS Origins: ['http://localhost:3000', 'http://localhost:5173', 'https://ai-youtuber-studio.vercel.app/']
[2025-11-09 15:26:13] [INFO    ] [req:N/A] [app.main:108] ================================================================================
[2025-11-09 15:26:17] [INFO    ] [req:N/A] [root:152] ================================================================================
[2025-11-09 15:26:17] [INFO    ] [req:N/A] [root:153] Logging initialized - Level: INFO, File: /Users/mayursuhasiya/Desktop/Projects/ai-youtuber-studio/backend/logs/app.log
[2025-11-09 15:26:17] [INFO    ] [req:N/A] [root:154] ================================================================================
[2025-11-09 15:26:18] [INFO    ] [req:N/A] [root:152] ================================================================================
[2025-11-09 15:26:18] [INFO    ] [req:N/A] [root:153] Logging initialized - Level: INFO, File: /Users/mayursuhasiya/Desktop/Projects/ai-youtuber-studio/backend/logs/app.log
[2025-11-09 15:26:18] [INFO    ] [req:N/A] [root:154] ================================================================================
[2025-11-09 15:26:18] [INFO    ] [req:N/A] [app.main:22] FastAPI application initialized
[2025-11-09 15:26:18] [INFO    ] [req:N/A] [app.main:93] All API routers registered
[2025-11-09 15:26:18] [INFO    ] [req:N/A] [app.main:97] Redis client initialized: redis://localhost:6379/0
[2025-11-09 15:26:18] [INFO    ] [req:N/A] [app.main:133] Static files mounted from: /Users/mayursuhasiya/Desktop/Projects/ai-youtuber-studio/frontend/dist
[2025-11-09 15:26:18] [INFO    ] [req:N/A] [app.main:104] ================================================================================
[2025-11-09 15:26:18] [INFO    ] [req:N/A] [app.main:105] AI YouTuber Studio Backend - Starting Up
[2025-11-09 15:26:18] [INFO    ] [req:N/A] [app.main:106] Environment: development
[2025-11-09 15:26:18] [INFO    ] [req:N/A] [app.main:107] CORS Origins: ['http://localhost:3000', 'http://localhost:5173', 'https://ai-youtuber-studio.vercel.app/']
[2025-11-09 15:26:18] [INFO    ] [req:N/A] [app.main:108] ================================================================================
[2025-11-09 15:26:23] [INFO    ] [req:N/A] [root:152] ================================================================================
[2025-11-09 15:26:23] [INFO    ] [req:N/A] [root:153] Logging initialized - Level: INFO, File: /Users/mayursuhasiya/Desktop/Projects/ai-youtuber-studio/backend/logs/app.log
[2025-11-09 15:26:23] [INFO    ] [req:N/A] [root:154] ================================================================================
[2025-11-09 15:26:24] [INFO    ] [req:N/A] [root:152] ================================================================================
[2025-11-09 15:26:24] [INFO    ] [req:N/A] [root:153] Logging initialized - Level: INFO, File: /Users/mayursuhasiya/Desktop/Projects/ai-youtuber-studio/backend/logs/app.log
[2025-11-09 15:26:24] [INFO    ] [req:N/A] [root:154] ================================================================================
[2025-11-09 15:26:24] [INFO    ] [req:N/A] [app.main:22] FastAPI application initialized
[2025-11-09 15:26:24] [INFO    ] [req:N/A] [app.main:93] All API routers registered
[2025-11-09 15:26:24] [INFO    ] [req:N/A] [app.main:97] Redis client initialized: redis://localhost:6379/0
[2025-11-09 15:26:24] [INFO    ] [req:N/A] [app.main:133] Static files mounted from: /Users/mayursuhasiya/Desktop/Projects/ai-youtuber-studio/frontend/dist
[2025-11-09 15:26:24] [INFO    ] [req:N/A] [app.main:104] ================================================================================
[2025-11-09 15:26:24] [INFO    ] [req:N/A] [app.main:105] AI YouTuber Studio Backend - Starting Up
[2025-11-09 15:26:24] [INFO    ] [req:N/A] [app.main:106] Environment: development
[2025-11-09 15:26:24] [INFO    ] [req:N/A] [app.main:107] CORS Origins: ['http://localhost:3000', 'http://localhost:5173', 'https://ai-youtuber-studio.vercel.app/']
[2025-11-09 15:26:24] [INFO    ] [req:N/A] [app.main:108] ================================================================================
[2025-11-09 15:26:24] [INFO    ] [req:489fb525] [app.main:34] Request: GET /api/videos [client:127.0.0.1] [user-agent:Mozilla/5.0 (Macintosh; Intel Mac OS X 10_15_7) Ap]
[2025-11-09 15:26:24] [INFO    ] [req:489fb525] [app.main:49] Response: GET /api/videos [status:200] [duration:74.03ms]
[2025-11-09 15:26:25] [INFO    ] [req:fe451468] [app.main:34] Request: GET /api/videos [client:127.0.0.1] [user-agent:Mozilla/5.0 (Macintosh; Intel Mac OS X 10_15_7) Ap]
[2025-11-09 15:26:25] [INFO    ] [req:fe451468] [app.main:49] Response: GET /api/videos [status:200] [duration:12.54ms]
[2025-11-09 15:26:26] [INFO    ] [req:dd5a8477] [app.main:34] Request: GET /api/channels/me [client:127.0.0.1] [user-agent:Mozilla/5.0 (Macintosh; Intel Mac OS X 10_15_7) Ap]
[2025-11-09 15:26:26] [INFO    ] [req:dd5a8477] [app.main:49] Response: GET /api/channels/me [status:200] [duration:27.05ms]
[2025-11-09 15:26:29] [INFO    ] [req:da6d0b40] [app.main:34] Request: POST /api/channels/3/sync-videos [client:127.0.0.1] [user-agent:Mozilla/5.0 (Macintosh; Intel Mac OS X 10_15_7) Ap]
[2025-11-09 15:26:29] [INFO    ] [req:da6d0b40] [app.api.channels:204] Sync videos request - channel_id=3, user_id=3, limit=20
[2025-11-09 15:26:29] [INFO    ] [req:da6d0b40] [app.api.channels:220] Syncing channel: Mehandi Artist_Miss Mourya 💚 (youtube_id=UCEvzYexJxTTypNFuw0LVvpw)
[2025-11-09 15:26:30] [INFO    ] [req:da6d0b40] [app.services.youtube_client:21] YouTubeClient initialized (authenticated: True)
[2025-11-09 15:26:30] [INFO    ] [req:da6d0b40] [app.api.channels:256] Fetching 20 videos from YouTube for channel UCEvzYexJxTTypNFuw0LVvpw
[2025-11-09 15:26:30] [INFO    ] [req:da6d0b40] [app.api.channels:207] Fetch videos from YouTube - Started
[2025-11-09 15:26:30] [INFO    ] [req:da6d0b40] [app.services.youtube_client:89] Fetching videos for channel UCEvzYexJxTTypNFuw0LVvpw (limit: 20, order: date)
[2025-11-09 15:26:30] [INFO    ] [req:da6d0b40] [app.services.youtube_client:144] Fetched 20 videos for channel UCEvzYexJxTTypNFuw0LVvpw - Total views: 139,228
[2025-11-09 15:26:30] [INFO    ] [req:da6d0b40] [app.api.channels:213] Fetch videos from YouTube - Completed in 715.58ms
[2025-11-09 15:26:30] [INFO    ] [req:da6d0b40] [app.api.channels:263] Successfully fetched 20 videos from YouTube
[2025-11-09 15:26:30] [INFO    ] [req:da6d0b40] [app.api.channels:274] Processing 20 videos for database storage
[2025-11-09 15:26:31] [INFO    ] [req:da6d0b40] [app.api.channels:330] Database committed - new: 0, updated: 20 (user_id=3, channel_id=3)
[2025-11-09 15:26:31] [INFO    ] [req:da6d0b40] [app.api.channels:346] Successfully queued video 58 (YEP0lveMOrA) for processing
[2025-11-09 15:26:31] [INFO    ] [req:da6d0b40] [app.api.channels:346] Successfully queued video 59 (NmytN0UG5iI) for processing
[2025-11-09 15:26:31] [INFO    ] [req:da6d0b40] [app.api.channels:346] Successfully queued video 60 (Mn1jm9FG4Gk) for processing
[2025-11-09 15:26:31] [INFO    ] [req:da6d0b40] [app.api.channels:346] Successfully queued video 61 (LKsLQvrTouM) for processing
[2025-11-09 15:26:31] [INFO    ] [req:da6d0b40] [app.api.channels:346] Successfully queued video 62 (dIf7LzXllvE) for processing
[2025-11-09 15:26:31] [INFO    ] [req:da6d0b40] [app.api.channels:346] Successfully queued video 63 (JQ7vJwya5Q8) for processing
[2025-11-09 15:26:31] [INFO    ] [req:da6d0b40] [app.api.channels:346] Successfully queued video 64 (RzAxYbPdW98) for processing
[2025-11-09 15:26:31] [INFO    ] [req:da6d0b40] [app.api.channels:346] Successfully queued video 65 (WCF7deJ7T6s) for processing
[2025-11-09 15:26:31] [INFO    ] [req:da6d0b40] [app.api.channels:346] Successfully queued video 66 (QxnQd0LwL64) for processing
[2025-11-09 15:26:31] [INFO    ] [req:da6d0b40] [app.api.channels:346] Successfully queued video 67 (afYhx23XkMY) for processing
[2025-11-09 15:26:31] [INFO    ] [req:da6d0b40] [app.api.channels:346] Successfully queued video 68 (P1SKaXMLGnU) for processing
[2025-11-09 15:26:31] [INFO    ] [req:da6d0b40] [app.api.channels:346] Successfully queued video 69 (MclVcJYSnTI) for processing
[2025-11-09 15:26:31] [INFO    ] [req:da6d0b40] [app.api.channels:346] Successfully queued video 70 (5_6N2rvBy60) for processing
[2025-11-09 15:26:31] [INFO    ] [req:da6d0b40] [app.api.channels:346] Successfully queued video 71 (z9Q3UQhLrD8) for processing
[2025-11-09 15:26:31] [INFO    ] [req:da6d0b40] [app.api.channels:346] Successfully queued video 72 (bY15KB084gY) for processing
[2025-11-09 15:26:31] [INFO    ] [req:da6d0b40] [app.api.channels:346] Successfully queued video 73 (nXbdeJpjPqQ) for processing
[2025-11-09 15:26:31] [INFO    ] [req:da6d0b40] [app.api.channels:346] Successfully queued video 74 (PSh3w4GCBdg) for processing
[2025-11-09 15:26:31] [INFO    ] [req:da6d0b40] [app.api.channels:346] Successfully queued video 75 (n6v7mmysi6c) for processing
[2025-11-09 15:26:31] [INFO    ] [req:da6d0b40] [app.api.channels:346] Successfully queued video 76 (5CoGBQeve8M) for processing
[2025-11-09 15:26:31] [INFO    ] [req:da6d0b40] [app.api.channels:346] Successfully queued video 77 (Aa-1L8cV7cQ) for processing
[2025-11-09 15:26:31] [INFO    ] [req:da6d0b40] [app.api.channels:353] Sync complete - new: 0, updated: 20, queued: 20 (user_id=3, channel_id=3)
[2025-11-09 15:26:31] [INFO    ] [req:da6d0b40] [app.main:49] Response: POST /api/channels/3/sync-videos [status:200] [duration:1275.06ms]
[2025-11-09 15:26:35] [INFO    ] [req:82add681] [app.main:34] Request: GET /api/videos [client:127.0.0.1] [user-agent:Mozilla/5.0 (Macintosh; Intel Mac OS X 10_15_7) Ap]
[2025-11-09 15:26:35] [INFO    ] [req:973d5e45] [app.main:34] Request: GET /api/channels/me [client:127.0.0.1] [user-agent:Mozilla/5.0 (Macintosh; Intel Mac OS X 10_15_7) Ap]
[2025-11-09 15:26:35] [INFO    ] [req:973d5e45] [app.main:49] Response: GET /api/channels/me [status:200] [duration:9.50ms]
[2025-11-09 15:26:35] [INFO    ] [req:82add681] [app.main:49] Response: GET /api/videos [status:200] [duration:23.34ms]
[2025-11-09 15:26:35] [INFO    ] [req:baecdb5a] [app.main:34] Request: GET /api/videos [client:127.0.0.1] [user-agent:Mozilla/5.0 (Macintosh; Intel Mac OS X 10_15_7) Ap]
[2025-11-09 15:26:35] [INFO    ] [req:baecdb5a] [app.main:49] Response: GET /api/videos [status:200] [duration:7.77ms]
[2025-11-09 15:26:40] [INFO    ] [req:ee712942] [app.main:34] Request: GET /api/videos [client:127.0.0.1] [user-agent:Mozilla/5.0 (Macintosh; Intel Mac OS X 10_15_7) Ap]
[2025-11-09 15:26:40] [INFO    ] [req:ee712942] [app.main:49] Response: GET /api/videos [status:200] [duration:11.83ms]
[2025-11-09 15:26:45] [INFO    ] [req:18c4719d] [app.main:34] Request: GET /api/videos [client:127.0.0.1] [user-agent:Mozilla/5.0 (Macintosh; Intel Mac OS X 10_15_7) Ap]
[2025-11-09 15:26:45] [INFO    ] [req:18c4719d] [app.main:49] Response: GET /api/videos [status:200] [duration:16.60ms]
[2025-11-09 15:26:50] [INFO    ] [req:3efb8c19] [app.main:34] Request: GET /api/videos [client:127.0.0.1] [user-agent:Mozilla/5.0 (Macintosh; Intel Mac OS X 10_15_7) Ap]
[2025-11-09 15:26:50] [INFO    ] [req:3efb8c19] [app.main:49] Response: GET /api/videos [status:200] [duration:10.84ms]
[2025-11-09 15:26:55] [INFO    ] [req:24eafc0e] [app.main:34] Request: GET /api/videos [client:127.0.0.1] [user-agent:Mozilla/5.0 (Macintosh; Intel Mac OS X 10_15_7) Ap]
[2025-11-09 15:26:55] [INFO    ] [req:24eafc0e] [app.main:49] Response: GET /api/videos [status:200] [duration:20.09ms]
[2025-11-09 15:27:00] [INFO    ] [req:ae667047] [app.main:34] Request: GET /api/videos [client:127.0.0.1] [user-agent:Mozilla/5.0 (Macintosh; Intel Mac OS X 10_15_7) Ap]
[2025-11-09 15:27:00] [INFO    ] [req:ae667047] [app.main:49] Response: GET /api/videos [status:200] [duration:10.28ms]
[2025-11-09 15:27:05] [INFO    ] [req:640e3e87] [app.main:34] Request: GET /api/videos [client:127.0.0.1] [user-agent:Mozilla/5.0 (Macintosh; Intel Mac OS X 10_15_7) Ap]
[2025-11-09 15:27:05] [INFO    ] [req:640e3e87] [app.main:49] Response: GET /api/videos [status:200] [duration:19.96ms]
[2025-11-09 15:27:10] [INFO    ] [req:9226c1e7] [app.main:34] Request: GET /api/videos [client:127.0.0.1] [user-agent:Mozilla/5.0 (Macintosh; Intel Mac OS X 10_15_7) Ap]
[2025-11-09 15:27:10] [INFO    ] [req:9226c1e7] [app.main:49] Response: GET /api/videos [status:200] [duration:10.28ms]
[2025-11-09 15:27:15] [INFO    ] [req:58698478] [app.main:34] Request: GET /api/videos [client:127.0.0.1] [user-agent:Mozilla/5.0 (Macintosh; Intel Mac OS X 10_15_7) Ap]
[2025-11-09 15:27:15] [INFO    ] [req:58698478] [app.main:49] Response: GET /api/videos [status:200] [duration:16.67ms]
[2025-11-09 15:27:20] [INFO    ] [req:56d4d4c3] [app.main:34] Request: GET /api/videos [client:127.0.0.1] [user-agent:Mozilla/5.0 (Macintosh; Intel Mac OS X 10_15_7) Ap]
[2025-11-09 15:27:20] [INFO    ] [req:56d4d4c3] [app.main:49] Response: GET /api/videos [status:200] [duration:19.55ms]
[2025-11-09 15:27:25] [INFO    ] [req:4f31a0e4] [app.main:34] Request: GET /api/videos [client:127.0.0.1] [user-agent:Mozilla/5.0 (Macintosh; Intel Mac OS X 10_15_7) Ap]
[2025-11-09 15:27:25] [INFO    ] [req:4f31a0e4] [app.main:49] Response: GET /api/videos [status:200] [duration:15.11ms]
[2025-11-09 15:27:30] [INFO    ] [req:f651735b] [app.main:34] Request: GET /api/videos [client:127.0.0.1] [user-agent:Mozilla/5.0 (Macintosh; Intel Mac OS X 10_15_7) Ap]
[2025-11-09 15:27:30] [INFO    ] [req:f651735b] [app.main:49] Response: GET /api/videos [status:200] [duration:12.17ms]
[2025-11-09 15:27:35] [INFO    ] [req:4aebbf31] [app.main:34] Request: GET /api/videos [client:127.0.0.1] [user-agent:Mozilla/5.0 (Macintosh; Intel Mac OS X 10_15_7) Ap]
[2025-11-09 15:27:35] [INFO    ] [req:4aebbf31] [app.main:49] Response: GET /api/videos [status:200] [duration:10.17ms]
[2025-11-09 15:27:40] [INFO    ] [req:81375d47] [app.main:34] Request: GET /api/videos [client:127.0.0.1] [user-agent:Mozilla/5.0 (Macintosh; Intel Mac OS X 10_15_7) Ap]
[2025-11-09 15:27:40] [INFO    ] [req:81375d47] [app.main:49] Response: GET /api/videos [status:200] [duration:11.65ms]
[2025-11-09 15:27:45] [INFO    ] [req:66685309] [app.main:34] Request: GET /api/videos [client:127.0.0.1] [user-agent:Mozilla/5.0 (Macintosh; Intel Mac OS X 10_15_7) Ap]
[2025-11-09 15:27:45] [INFO    ] [req:66685309] [app.main:49] Response: GET /api/videos [status:200] [duration:100.01ms]
[2025-11-09 09:57:46] [INFO    ] [req:N/A] [root:152] ================================================================================
[2025-11-09 09:57:46] [INFO    ] [req:N/A] [root:153] Logging initialized - Level: INFO, File: /app/logs/app.log
[2025-11-09 09:57:46] [INFO    ] [req:N/A] [root:154] ================================================================================
[2025-11-09 15:27:50] [INFO    ] [req:9130e203] [app.main:34] Request: GET /api/videos [client:127.0.0.1] [user-agent:Mozilla/5.0 (Macintosh; Intel Mac OS X 10_15_7) Ap]
[2025-11-09 15:27:50] [INFO    ] [req:9130e203] [app.main:49] Response: GET /api/videos [status:200] [duration:57.69ms]
[2025-11-09 15:27:55] [INFO    ] [req:9fb0a6fa] [app.main:34] Request: GET /api/videos [client:127.0.0.1] [user-agent:Mozilla/5.0 (Macintosh; Intel Mac OS X 10_15_7) Ap]
[2025-11-09 15:27:55] [INFO    ] [req:9fb0a6fa] [app.main:49] Response: GET /api/videos [status:200] [duration:15.22ms]
[2025-11-09 15:28:00] [INFO    ] [req:ba573ce0] [app.main:34] Request: GET /api/videos [client:127.0.0.1] [user-agent:Mozilla/5.0 (Macintosh; Intel Mac OS X 10_15_7) Ap]
[2025-11-09 15:28:00] [INFO    ] [req:ba573ce0] [app.main:49] Response: GET /api/videos [status:200] [duration:16.80ms]
[2025-11-09 15:28:05] [INFO    ] [req:fa25b1a6] [app.main:34] Request: GET /api/videos [client:127.0.0.1] [user-agent:Mozilla/5.0 (Macintosh; Intel Mac OS X 10_15_7) Ap]
[2025-11-09 15:28:05] [INFO    ] [req:fa25b1a6] [app.main:49] Response: GET /api/videos [status:200] [duration:12.11ms]
[2025-11-09 15:28:10] [INFO    ] [req:030ddacb] [app.main:34] Request: GET /api/videos [client:127.0.0.1] [user-agent:Mozilla/5.0 (Macintosh; Intel Mac OS X 10_15_7) Ap]
[2025-11-09 15:28:10] [INFO    ] [req:030ddacb] [app.main:49] Response: GET /api/videos [status:200] [duration:19.68ms]
[2025-11-09 15:28:15] [INFO    ] [req:be2ab942] [app.main:34] Request: GET /api/videos [client:127.0.0.1] [user-agent:Mozilla/5.0 (Macintosh; Intel Mac OS X 10_15_7) Ap]
[2025-11-09 15:28:15] [INFO    ] [req:be2ab942] [app.main:49] Response: GET /api/videos [status:200] [duration:15.45ms]
[2025-11-09 15:28:18] [INFO    ] [req:7189af2e] [app.main:34] Request: GET /api/channels/me [client:127.0.0.1] [user-agent:Mozilla/5.0 (Macintosh; Intel Mac OS X 10_15_7) Ap]
[2025-11-09 15:28:18] [INFO    ] [req:7189af2e] [app.main:49] Response: GET /api/channels/me [status:200] [duration:7.42ms]
[2025-11-09 15:28:19] [INFO    ] [req:99293989] [app.main:34] Request: POST /api/channels/3/sync-videos [client:127.0.0.1] [user-agent:Mozilla/5.0 (Macintosh; Intel Mac OS X 10_15_7) Ap]
[2025-11-09 15:28:19] [INFO    ] [req:99293989] [app.api.channels:204] Sync videos request - channel_id=3, user_id=3, limit=20
[2025-11-09 15:28:19] [INFO    ] [req:99293989] [app.api.channels:220] Syncing channel: Mehandi Artist_Miss Mourya 💚 (youtube_id=UCEvzYexJxTTypNFuw0LVvpw)
[2025-11-09 15:28:19] [INFO    ] [req:99293989] [app.services.youtube_client:21] YouTubeClient initialized (authenticated: True)
[2025-11-09 15:28:19] [INFO    ] [req:99293989] [app.api.channels:256] Fetching 20 videos from YouTube for channel UCEvzYexJxTTypNFuw0LVvpw
[2025-11-09 15:28:19] [INFO    ] [req:99293989] [app.api.channels:207] Fetch videos from YouTube - Started
[2025-11-09 15:28:19] [INFO    ] [req:99293989] [app.services.youtube_client:89] Fetching videos for channel UCEvzYexJxTTypNFuw0LVvpw (limit: 20, order: date)
[2025-11-09 15:28:20] [WARNING ] [req:99293989] [googleapiclient.http:140] Encountered 403 Forbidden with reason "quotaExceeded"
[2025-11-09 15:28:20] [ERROR   ] [req:99293989] [app.services.youtube_client:151] Error fetching videos for channel UCEvzYexJxTTypNFuw0LVvpw: <HttpError 403 when requesting https://youtube.googleapis.com/youtube/v3/search?part=id%2Csnippet&channelId=UCEvzYexJxTTypNFuw0LVvpw&maxResults=20&order=date&type=video&alt=json returned "The request cannot be completed because you have exceeded your <a href="/youtube/v3/getting-started#quota">quota</a>.". Details: "[{'message': 'The request cannot be completed because you have exceeded your <a href="/youtube/v3/getting-started#quota">quota</a>.', 'domain': 'youtube.quota', 'reason': 'quotaExceeded'}]">
Traceback (most recent call last):
  File "/Users/mayursuhasiya/Desktop/Projects/ai-youtuber-studio/backend/app/services/youtube_client.py", line 99, in fetch_last_videos
    ).execute()
      ^^^^^^^^^
  File "/Users/mayursuhasiya/Desktop/Projects/ai-youtuber-studio/backend/.venv/lib/python3.12/site-packages/googleapiclient/_helpers.py", line 130, in positional_wrapper
    return wrapped(*args, **kwargs)
           ^^^^^^^^^^^^^^^^^^^^^^^^
  File "/Users/mayursuhasiya/Desktop/Projects/ai-youtuber-studio/backend/.venv/lib/python3.12/site-packages/googleapiclient/http.py", line 938, in execute
    raise HttpError(resp, content, uri=self.uri)
googleapiclient.errors.HttpError: <HttpError 403 when requesting https://youtube.googleapis.com/youtube/v3/search?part=id%2Csnippet&channelId=UCEvzYexJxTTypNFuw0LVvpw&maxResults=20&order=date&type=video&alt=json returned "The request cannot be completed because you have exceeded your <a href="/youtube/v3/getting-started#quota">quota</a>.". Details: "[{'message': 'The request cannot be completed because you have exceeded your <a href="/youtube/v3/getting-started#quota">quota</a>.', 'domain': 'youtube.quota', 'reason': 'quotaExceeded'}]">
[2025-11-09 15:28:20] [ERROR   ] [req:99293989] [app.api.channels:215] Fetch videos from YouTube - Failed after 422.56ms: <HttpError 403 when requesting https://youtube.googleapis.com/youtube/v3/search?part=id%2Csnippet&channelId=UCEvzYexJxTTypNFuw0LVvpw&maxResults=20&order=date&type=video&alt=json returned "The request cannot be completed because you have exceeded your <a href="/youtube/v3/getting-started#quota">quota</a>.". Details: "[{'message': 'The request cannot be completed because you have exceeded your <a href="/youtube/v3/getting-started#quota">quota</a>.', 'domain': 'youtube.quota', 'reason': 'quotaExceeded'}]">
[2025-11-09 15:28:20] [ERROR   ] [req:99293989] [app.api.channels:265] Failed to fetch videos from YouTube for channel 3: <HttpError 403 when requesting https://youtube.googleapis.com/youtube/v3/search?part=id%2Csnippet&channelId=UCEvzYexJxTTypNFuw0LVvpw&maxResults=20&order=date&type=video&alt=json returned "The request cannot be completed because you have exceeded your <a href="/youtube/v3/getting-started#quota">quota</a>.". Details: "[{'message': 'The request cannot be completed because you have exceeded your <a href="/youtube/v3/getting-started#quota">quota</a>.', 'domain': 'youtube.quota', 'reason': 'quotaExceeded'}]">
Traceback (most recent call last):
  File "/Users/mayursuhasiya/Desktop/Projects/ai-youtuber-studio/backend/app/api/channels.py", line 258, in sync_channel_videos
    videos_data = youtube_client.fetch_last_videos(
                  ^^^^^^^^^^^^^^^^^^^^^^^^^^^^^^^^^
  File "/Users/mayursuhasiya/Desktop/Projects/ai-youtuber-studio/backend/app/services/youtube_client.py", line 99, in fetch_last_videos
    ).execute()
      ^^^^^^^^^
  File "/Users/mayursuhasiya/Desktop/Projects/ai-youtuber-studio/backend/.venv/lib/python3.12/site-packages/googleapiclient/_helpers.py", line 130, in positional_wrapper
    return wrapped(*args, **kwargs)
           ^^^^^^^^^^^^^^^^^^^^^^^^
  File "/Users/mayursuhasiya/Desktop/Projects/ai-youtuber-studio/backend/.venv/lib/python3.12/site-packages/googleapiclient/http.py", line 938, in execute
    raise HttpError(resp, content, uri=self.uri)
googleapiclient.errors.HttpError: <HttpError 403 when requesting https://youtube.googleapis.com/youtube/v3/search?part=id%2Csnippet&channelId=UCEvzYexJxTTypNFuw0LVvpw&maxResults=20&order=date&type=video&alt=json returned "The request cannot be completed because you have exceeded your <a href="/youtube/v3/getting-started#quota">quota</a>.". Details: "[{'message': 'The request cannot be completed because you have exceeded your <a href="/youtube/v3/getting-started#quota">quota</a>.', 'domain': 'youtube.quota', 'reason': 'quotaExceeded'}]">
[2025-11-09 15:28:20] [ERROR   ] [req:99293989] [app.main:49] Response: POST /api/channels/3/sync-videos [status:500] [duration:865.49ms]
[2025-11-09 15:28:34] [INFO    ] [req:365b5d70] [app.main:34] Request: POST /api/channels/3/sync-videos [client:127.0.0.1] [user-agent:Mozilla/5.0 (Macintosh; Intel Mac OS X 10_15_7) Ap]
[2025-11-09 15:28:34] [INFO    ] [req:365b5d70] [app.api.channels:204] Sync videos request - channel_id=3, user_id=3, limit=20
[2025-11-09 15:28:34] [INFO    ] [req:365b5d70] [app.api.channels:220] Syncing channel: Mehandi Artist_Miss Mourya 💚 (youtube_id=UCEvzYexJxTTypNFuw0LVvpw)
[2025-11-09 15:28:34] [INFO    ] [req:365b5d70] [app.services.youtube_client:21] YouTubeClient initialized (authenticated: True)
[2025-11-09 15:28:34] [INFO    ] [req:365b5d70] [app.api.channels:256] Fetching 20 videos from YouTube for channel UCEvzYexJxTTypNFuw0LVvpw
[2025-11-09 15:28:34] [INFO    ] [req:365b5d70] [app.api.channels:207] Fetch videos from YouTube - Started
[2025-11-09 15:28:34] [INFO    ] [req:365b5d70] [app.services.youtube_client:89] Fetching videos for channel UCEvzYexJxTTypNFuw0LVvpw (limit: 20, order: date)
[2025-11-09 15:28:35] [WARNING ] [req:365b5d70] [googleapiclient.http:140] Encountered 403 Forbidden with reason "quotaExceeded"
[2025-11-09 15:28:35] [ERROR   ] [req:365b5d70] [app.services.youtube_client:151] Error fetching videos for channel UCEvzYexJxTTypNFuw0LVvpw: <HttpError 403 when requesting https://youtube.googleapis.com/youtube/v3/search?part=id%2Csnippet&channelId=UCEvzYexJxTTypNFuw0LVvpw&maxResults=20&order=date&type=video&alt=json returned "The request cannot be completed because you have exceeded your <a href="/youtube/v3/getting-started#quota">quota</a>.". Details: "[{'message': 'The request cannot be completed because you have exceeded your <a href="/youtube/v3/getting-started#quota">quota</a>.', 'domain': 'youtube.quota', 'reason': 'quotaExceeded'}]">
Traceback (most recent call last):
  File "/Users/mayursuhasiya/Desktop/Projects/ai-youtuber-studio/backend/app/services/youtube_client.py", line 99, in fetch_last_videos
    ).execute()
      ^^^^^^^^^
  File "/Users/mayursuhasiya/Desktop/Projects/ai-youtuber-studio/backend/.venv/lib/python3.12/site-packages/googleapiclient/_helpers.py", line 130, in positional_wrapper
    return wrapped(*args, **kwargs)
           ^^^^^^^^^^^^^^^^^^^^^^^^
  File "/Users/mayursuhasiya/Desktop/Projects/ai-youtuber-studio/backend/.venv/lib/python3.12/site-packages/googleapiclient/http.py", line 938, in execute
    raise HttpError(resp, content, uri=self.uri)
googleapiclient.errors.HttpError: <HttpError 403 when requesting https://youtube.googleapis.com/youtube/v3/search?part=id%2Csnippet&channelId=UCEvzYexJxTTypNFuw0LVvpw&maxResults=20&order=date&type=video&alt=json returned "The request cannot be completed because you have exceeded your <a href="/youtube/v3/getting-started#quota">quota</a>.". Details: "[{'message': 'The request cannot be completed because you have exceeded your <a href="/youtube/v3/getting-started#quota">quota</a>.', 'domain': 'youtube.quota', 'reason': 'quotaExceeded'}]">
[2025-11-09 15:28:35] [ERROR   ] [req:365b5d70] [app.api.channels:215] Fetch videos from YouTube - Failed after 170.91ms: <HttpError 403 when requesting https://youtube.googleapis.com/youtube/v3/search?part=id%2Csnippet&channelId=UCEvzYexJxTTypNFuw0LVvpw&maxResults=20&order=date&type=video&alt=json returned "The request cannot be completed because you have exceeded your <a href="/youtube/v3/getting-started#quota">quota</a>.". Details: "[{'message': 'The request cannot be completed because you have exceeded your <a href="/youtube/v3/getting-started#quota">quota</a>.', 'domain': 'youtube.quota', 'reason': 'quotaExceeded'}]">
[2025-11-09 15:28:35] [ERROR   ] [req:365b5d70] [app.api.channels:265] Failed to fetch videos from YouTube for channel 3: <HttpError 403 when requesting https://youtube.googleapis.com/youtube/v3/search?part=id%2Csnippet&channelId=UCEvzYexJxTTypNFuw0LVvpw&maxResults=20&order=date&type=video&alt=json returned "The request cannot be completed because you have exceeded your <a href="/youtube/v3/getting-started#quota">quota</a>.". Details: "[{'message': 'The request cannot be completed because you have exceeded your <a href="/youtube/v3/getting-started#quota">quota</a>.', 'domain': 'youtube.quota', 'reason': 'quotaExceeded'}]">
Traceback (most recent call last):
  File "/Users/mayursuhasiya/Desktop/Projects/ai-youtuber-studio/backend/app/api/channels.py", line 258, in sync_channel_videos
    videos_data = youtube_client.fetch_last_videos(
                  ^^^^^^^^^^^^^^^^^^^^^^^^^^^^^^^^^
  File "/Users/mayursuhasiya/Desktop/Projects/ai-youtuber-studio/backend/app/services/youtube_client.py", line 99, in fetch_last_videos
    ).execute()
      ^^^^^^^^^
  File "/Users/mayursuhasiya/Desktop/Projects/ai-youtuber-studio/backend/.venv/lib/python3.12/site-packages/googleapiclient/_helpers.py", line 130, in positional_wrapper
    return wrapped(*args, **kwargs)
           ^^^^^^^^^^^^^^^^^^^^^^^^
  File "/Users/mayursuhasiya/Desktop/Projects/ai-youtuber-studio/backend/.venv/lib/python3.12/site-packages/googleapiclient/http.py", line 938, in execute
    raise HttpError(resp, content, uri=self.uri)
googleapiclient.errors.HttpError: <HttpError 403 when requesting https://youtube.googleapis.com/youtube/v3/search?part=id%2Csnippet&channelId=UCEvzYexJxTTypNFuw0LVvpw&maxResults=20&order=date&type=video&alt=json returned "The request cannot be completed because you have exceeded your <a href="/youtube/v3/getting-started#quota">quota</a>.". Details: "[{'message': 'The request cannot be completed because you have exceeded your <a href="/youtube/v3/getting-started#quota">quota</a>.', 'domain': 'youtube.quota', 'reason': 'quotaExceeded'}]">
[2025-11-09 15:28:35] [ERROR   ] [req:365b5d70] [app.main:49] Response: POST /api/channels/3/sync-videos [status:500] [duration:512.41ms]
[2025-11-09 15:28:40] [INFO    ] [req:89a4912b] [app.main:34] Request: POST /api/channels/3/refresh [client:127.0.0.1] [user-agent:Mozilla/5.0 (Macintosh; Intel Mac OS X 10_15_7) Ap]
[2025-11-09 15:28:41] [INFO    ] [req:89a4912b] [app.main:49] Response: POST /api/channels/3/refresh [status:200] [duration:1161.85ms]
[2025-11-09 15:28:42] [INFO    ] [req:0718197b] [app.main:34] Request: POST /api/channels/3/sync-videos [client:127.0.0.1] [user-agent:Mozilla/5.0 (Macintosh; Intel Mac OS X 10_15_7) Ap]
[2025-11-09 15:28:42] [INFO    ] [req:0718197b] [app.api.channels:204] Sync videos request - channel_id=3, user_id=3, limit=20
[2025-11-09 15:28:42] [INFO    ] [req:0718197b] [app.api.channels:220] Syncing channel: Mehandi Artist_Miss Mourya 💚 (youtube_id=UCEvzYexJxTTypNFuw0LVvpw)
[2025-11-09 15:28:42] [INFO    ] [req:0718197b] [app.services.youtube_client:21] YouTubeClient initialized (authenticated: True)
[2025-11-09 15:28:42] [INFO    ] [req:0718197b] [app.api.channels:256] Fetching 20 videos from YouTube for channel UCEvzYexJxTTypNFuw0LVvpw
[2025-11-09 15:28:42] [INFO    ] [req:0718197b] [app.api.channels:207] Fetch videos from YouTube - Started
[2025-11-09 15:28:42] [INFO    ] [req:0718197b] [app.services.youtube_client:89] Fetching videos for channel UCEvzYexJxTTypNFuw0LVvpw (limit: 20, order: date)
[2025-11-09 15:28:43] [WARNING ] [req:0718197b] [googleapiclient.http:140] Encountered 403 Forbidden with reason "quotaExceeded"
[2025-11-09 15:28:43] [ERROR   ] [req:0718197b] [app.services.youtube_client:151] Error fetching videos for channel UCEvzYexJxTTypNFuw0LVvpw: <HttpError 403 when requesting https://youtube.googleapis.com/youtube/v3/search?part=id%2Csnippet&channelId=UCEvzYexJxTTypNFuw0LVvpw&maxResults=20&order=date&type=video&alt=json returned "The request cannot be completed because you have exceeded your <a href="/youtube/v3/getting-started#quota">quota</a>.". Details: "[{'message': 'The request cannot be completed because you have exceeded your <a href="/youtube/v3/getting-started#quota">quota</a>.', 'domain': 'youtube.quota', 'reason': 'quotaExceeded'}]">
Traceback (most recent call last):
  File "/Users/mayursuhasiya/Desktop/Projects/ai-youtuber-studio/backend/app/services/youtube_client.py", line 99, in fetch_last_videos
    ).execute()
      ^^^^^^^^^
  File "/Users/mayursuhasiya/Desktop/Projects/ai-youtuber-studio/backend/.venv/lib/python3.12/site-packages/googleapiclient/_helpers.py", line 130, in positional_wrapper
    return wrapped(*args, **kwargs)
           ^^^^^^^^^^^^^^^^^^^^^^^^
  File "/Users/mayursuhasiya/Desktop/Projects/ai-youtuber-studio/backend/.venv/lib/python3.12/site-packages/googleapiclient/http.py", line 938, in execute
    raise HttpError(resp, content, uri=self.uri)
googleapiclient.errors.HttpError: <HttpError 403 when requesting https://youtube.googleapis.com/youtube/v3/search?part=id%2Csnippet&channelId=UCEvzYexJxTTypNFuw0LVvpw&maxResults=20&order=date&type=video&alt=json returned "The request cannot be completed because you have exceeded your <a href="/youtube/v3/getting-started#quota">quota</a>.". Details: "[{'message': 'The request cannot be completed because you have exceeded your <a href="/youtube/v3/getting-started#quota">quota</a>.', 'domain': 'youtube.quota', 'reason': 'quotaExceeded'}]">
[2025-11-09 15:28:43] [ERROR   ] [req:0718197b] [app.api.channels:215] Fetch videos from YouTube - Failed after 485.72ms: <HttpError 403 when requesting https://youtube.googleapis.com/youtube/v3/search?part=id%2Csnippet&channelId=UCEvzYexJxTTypNFuw0LVvpw&maxResults=20&order=date&type=video&alt=json returned "The request cannot be completed because you have exceeded your <a href="/youtube/v3/getting-started#quota">quota</a>.". Details: "[{'message': 'The request cannot be completed because you have exceeded your <a href="/youtube/v3/getting-started#quota">quota</a>.', 'domain': 'youtube.quota', 'reason': 'quotaExceeded'}]">
[2025-11-09 15:28:43] [ERROR   ] [req:0718197b] [app.api.channels:265] Failed to fetch videos from YouTube for channel 3: <HttpError 403 when requesting https://youtube.googleapis.com/youtube/v3/search?part=id%2Csnippet&channelId=UCEvzYexJxTTypNFuw0LVvpw&maxResults=20&order=date&type=video&alt=json returned "The request cannot be completed because you have exceeded your <a href="/youtube/v3/getting-started#quota">quota</a>.". Details: "[{'message': 'The request cannot be completed because you have exceeded your <a href="/youtube/v3/getting-started#quota">quota</a>.', 'domain': 'youtube.quota', 'reason': 'quotaExceeded'}]">
Traceback (most recent call last):
  File "/Users/mayursuhasiya/Desktop/Projects/ai-youtuber-studio/backend/app/api/channels.py", line 258, in sync_channel_videos
    videos_data = youtube_client.fetch_last_videos(
                  ^^^^^^^^^^^^^^^^^^^^^^^^^^^^^^^^^
  File "/Users/mayursuhasiya/Desktop/Projects/ai-youtuber-studio/backend/app/services/youtube_client.py", line 99, in fetch_last_videos
    ).execute()
      ^^^^^^^^^
  File "/Users/mayursuhasiya/Desktop/Projects/ai-youtuber-studio/backend/.venv/lib/python3.12/site-packages/googleapiclient/_helpers.py", line 130, in positional_wrapper
    return wrapped(*args, **kwargs)
           ^^^^^^^^^^^^^^^^^^^^^^^^
  File "/Users/mayursuhasiya/Desktop/Projects/ai-youtuber-studio/backend/.venv/lib/python3.12/site-packages/googleapiclient/http.py", line 938, in execute
    raise HttpError(resp, content, uri=self.uri)
googleapiclient.errors.HttpError: <HttpError 403 when requesting https://youtube.googleapis.com/youtube/v3/search?part=id%2Csnippet&channelId=UCEvzYexJxTTypNFuw0LVvpw&maxResults=20&order=date&type=video&alt=json returned "The request cannot be completed because you have exceeded your <a href="/youtube/v3/getting-started#quota">quota</a>.". Details: "[{'message': 'The request cannot be completed because you have exceeded your <a href="/youtube/v3/getting-started#quota">quota</a>.', 'domain': 'youtube.quota', 'reason': 'quotaExceeded'}]">
[2025-11-09 15:28:43] [ERROR   ] [req:0718197b] [app.main:49] Response: POST /api/channels/3/sync-videos [status:500] [duration:895.35ms]
[2025-11-09 15:31:56] [INFO    ] [req:N/A] [app.main:114] ================================================================================
[2025-11-09 15:31:56] [INFO    ] [req:N/A] [app.main:115] AI YouTuber Studio Backend - Shutting Down
[2025-11-09 15:31:56] [INFO    ] [req:N/A] [app.main:116] ================================================================================
[2025-11-09 13:17:26] [INFO    ] [req:N/A] [root:152] ================================================================================
[2025-11-09 13:17:26] [INFO    ] [req:N/A] [root:153] Logging initialized - Level: INFO, File: /app/logs/app.log
[2025-11-09 13:17:26] [INFO    ] [req:N/A] [root:154] ================================================================================
[2025-11-09 18:48:06] [INFO    ] [req:N/A] [root:152] ================================================================================
[2025-11-09 18:48:06] [INFO    ] [req:N/A] [root:153] Logging initialized - Level: INFO, File: /Users/mayursuhasiya/Desktop/Projects/ai-youtuber-studio/backend/logs/app.log
[2025-11-09 18:48:06] [INFO    ] [req:N/A] [root:154] ================================================================================
[2025-11-09 18:48:08] [INFO    ] [req:N/A] [root:152] ================================================================================
[2025-11-09 18:48:08] [INFO    ] [req:N/A] [root:153] Logging initialized - Level: INFO, File: /Users/mayursuhasiya/Desktop/Projects/ai-youtuber-studio/backend/logs/app.log
[2025-11-09 18:48:08] [INFO    ] [req:N/A] [root:154] ================================================================================
[2025-11-09 18:48:08] [INFO    ] [req:N/A] [app.main:22] FastAPI application initialized
[2025-11-09 18:48:08] [INFO    ] [req:N/A] [app.main:93] All API routers registered
[2025-11-09 18:48:08] [INFO    ] [req:N/A] [app.main:97] Redis client initialized: redis://localhost:6379/0
[2025-11-09 18:48:08] [INFO    ] [req:N/A] [app.main:133] Static files mounted from: /Users/mayursuhasiya/Desktop/Projects/ai-youtuber-studio/frontend/dist
[2025-11-09 18:48:08] [INFO    ] [req:N/A] [app.main:104] ================================================================================
[2025-11-09 18:48:08] [INFO    ] [req:N/A] [app.main:105] AI YouTuber Studio Backend - Starting Up
[2025-11-09 18:48:08] [INFO    ] [req:N/A] [app.main:106] Environment: development
[2025-11-09 18:48:08] [INFO    ] [req:N/A] [app.main:107] CORS Origins: ['http://localhost:3000', 'http://localhost:5173', 'https://ai-youtuber-studio.vercel.app/']
[2025-11-09 18:48:08] [INFO    ] [req:N/A] [app.main:108] ================================================================================
[2025-11-09 18:48:08] [INFO    ] [req:faa2a0d6] [app.main:34] Request: GET /api/channels/me [client:127.0.0.1] [user-agent:Mozilla/5.0 (Macintosh; Intel Mac OS X 10_15_7) Ap]
[2025-11-09 18:48:08] [INFO    ] [req:faa2a0d6] [app.main:49] Response: GET /api/channels/me [status:200] [duration:73.98ms]
[2025-11-09 18:48:08] [INFO    ] [req:36b414aa] [app.main:34] Request: GET /api/channels/me [client:127.0.0.1] [user-agent:Mozilla/5.0 (Macintosh; Intel Mac OS X 10_15_7) Ap]
[2025-11-09 18:48:08] [INFO    ] [req:36b414aa] [app.main:49] Response: GET /api/channels/me [status:200] [duration:9.83ms]
[2025-11-09 18:48:08] [INFO    ] [req:c9fa395c] [app.main:34] Request: GET /api/channels/me [client:127.0.0.1] [user-agent:Mozilla/5.0 (Macintosh; Intel Mac OS X 10_15_7) Ap]
[2025-11-09 18:48:08] [INFO    ] [req:c9fa395c] [app.main:49] Response: GET /api/channels/me [status:200] [duration:7.06ms]
[2025-11-09 18:48:14] [INFO    ] [req:1232f2b9] [app.main:34] Request: GET /api/videos [client:127.0.0.1] [user-agent:Mozilla/5.0 (Macintosh; Intel Mac OS X 10_15_7) Ap]
[2025-11-09 18:48:14] [INFO    ] [req:177e12e2] [app.main:34] Request: GET /api/channels/me [client:127.0.0.1] [user-agent:Mozilla/5.0 (Macintosh; Intel Mac OS X 10_15_7) Ap]
[2025-11-09 18:48:14] [INFO    ] [req:177e12e2] [app.main:49] Response: GET /api/channels/me [status:200] [duration:12.12ms]
[2025-11-09 18:48:20] [INFO    ] [req:1232f2b9] [app.main:49] Response: GET /api/videos [status:200] [duration:6033.36ms]
[2025-11-09 18:48:20] [INFO    ] [req:73778e3d] [app.main:34] Request: GET /api/videos [client:127.0.0.1] [user-agent:Mozilla/5.0 (Macintosh; Intel Mac OS X 10_15_7) Ap]
[2025-11-09 18:48:20] [INFO    ] [req:73778e3d] [app.main:49] Response: GET /api/videos [status:200] [duration:6.33ms]
[2025-11-09 18:48:20] [INFO    ] [req:5c348c1a] [app.main:34] Request: GET /api/videos [client:127.0.0.1] [user-agent:Mozilla/5.0 (Macintosh; Intel Mac OS X 10_15_7) Ap]
[2025-11-09 18:48:20] [INFO    ] [req:5c348c1a] [app.main:49] Response: GET /api/videos [status:200] [duration:13.21ms]
[2025-11-09 18:48:24] [INFO    ] [req:de251be5] [app.main:34] Request: GET /api/videos [client:127.0.0.1] [user-agent:Mozilla/5.0 (Macintosh; Intel Mac OS X 10_15_7) Ap]
[2025-11-09 18:48:24] [INFO    ] [req:de251be5] [app.main:49] Response: GET /api/videos [status:200] [duration:14.36ms]
[2025-11-09 18:48:29] [INFO    ] [req:a384d08c] [app.main:34] Request: GET /api/videos [client:127.0.0.1] [user-agent:Mozilla/5.0 (Macintosh; Intel Mac OS X 10_15_7) Ap]
[2025-11-09 18:48:29] [INFO    ] [req:a384d08c] [app.main:49] Response: GET /api/videos [status:200] [duration:13.23ms]
[2025-11-09 18:48:34] [INFO    ] [req:862a5dee] [app.main:34] Request: GET /api/videos [client:127.0.0.1] [user-agent:Mozilla/5.0 (Macintosh; Intel Mac OS X 10_15_7) Ap]
[2025-11-09 18:48:34] [INFO    ] [req:862a5dee] [app.main:49] Response: GET /api/videos [status:200] [duration:10.66ms]
[2025-11-09 18:48:39] [INFO    ] [req:6e0be23d] [app.main:34] Request: GET /api/videos [client:127.0.0.1] [user-agent:Mozilla/5.0 (Macintosh; Intel Mac OS X 10_15_7) Ap]
[2025-11-09 18:48:39] [INFO    ] [req:6e0be23d] [app.main:49] Response: GET /api/videos [status:200] [duration:14.00ms]
[2025-11-09 18:48:44] [INFO    ] [req:85ea4096] [app.main:34] Request: GET /api/videos [client:127.0.0.1] [user-agent:Mozilla/5.0 (Macintosh; Intel Mac OS X 10_15_7) Ap]
[2025-11-09 18:48:44] [INFO    ] [req:85ea4096] [app.main:49] Response: GET /api/videos [status:200] [duration:9.50ms]
[2025-11-09 18:48:49] [INFO    ] [req:72bb843e] [app.main:34] Request: GET /api/videos [client:127.0.0.1] [user-agent:Mozilla/5.0 (Macintosh; Intel Mac OS X 10_15_7) Ap]
[2025-11-09 18:48:49] [INFO    ] [req:72bb843e] [app.main:49] Response: GET /api/videos [status:200] [duration:9.41ms]
[2025-11-09 18:48:54] [INFO    ] [req:fa3f2d24] [app.main:34] Request: GET /api/videos [client:127.0.0.1] [user-agent:Mozilla/5.0 (Macintosh; Intel Mac OS X 10_15_7) Ap]
[2025-11-09 18:48:54] [INFO    ] [req:fa3f2d24] [app.main:49] Response: GET /api/videos [status:200] [duration:12.81ms]
[2025-11-09 18:48:59] [INFO    ] [req:b733a8a4] [app.main:34] Request: POST /api/videos/77/retry [client:127.0.0.1] [user-agent:Mozilla/5.0 (Macintosh; Intel Mac OS X 10_15_7) Ap]
[2025-11-09 18:48:59] [ERROR   ] [req:b733a8a4] [app.main:49] Response: POST /api/videos/77/retry [status:405] [duration:1.48ms]
[2025-11-09 18:48:59] [INFO    ] [req:36917dab] [app.main:34] Request: GET /api/videos [client:127.0.0.1] [user-agent:Mozilla/5.0 (Macintosh; Intel Mac OS X 10_15_7) Ap]
[2025-11-09 18:48:59] [INFO    ] [req:36917dab] [app.main:49] Response: GET /api/videos [status:200] [duration:12.08ms]
[2025-11-09 18:49:04] [INFO    ] [req:f093697f] [app.main:34] Request: GET /api/videos [client:127.0.0.1] [user-agent:Mozilla/5.0 (Macintosh; Intel Mac OS X 10_15_7) Ap]
[2025-11-09 18:49:04] [INFO    ] [req:f093697f] [app.main:49] Response: GET /api/videos [status:200] [duration:13.54ms]
[2025-11-09 18:49:09] [INFO    ] [req:3b167d4e] [app.main:34] Request: GET /api/videos [client:127.0.0.1] [user-agent:Mozilla/5.0 (Macintosh; Intel Mac OS X 10_15_7) Ap]
[2025-11-09 18:49:09] [INFO    ] [req:3b167d4e] [app.main:49] Response: GET /api/videos [status:200] [duration:11.04ms]
[2025-11-09 18:49:14] [INFO    ] [req:23131d0c] [app.main:34] Request: GET /api/videos [client:127.0.0.1] [user-agent:Mozilla/5.0 (Macintosh; Intel Mac OS X 10_15_7) Ap]
[2025-11-09 18:49:14] [INFO    ] [req:23131d0c] [app.main:49] Response: GET /api/videos [status:200] [duration:10.06ms]
[2025-11-09 18:49:19] [INFO    ] [req:7c59b025] [app.main:34] Request: GET /api/videos [client:127.0.0.1] [user-agent:Mozilla/5.0 (Macintosh; Intel Mac OS X 10_15_7) Ap]
[2025-11-09 18:49:19] [INFO    ] [req:7c59b025] [app.main:49] Response: GET /api/videos [status:200] [duration:12.39ms]
[2025-11-09 18:49:24] [INFO    ] [req:dcfe78b1] [app.main:34] Request: GET /api/videos [client:127.0.0.1] [user-agent:Mozilla/5.0 (Macintosh; Intel Mac OS X 10_15_7) Ap]
[2025-11-09 18:49:24] [INFO    ] [req:dcfe78b1] [app.main:49] Response: GET /api/videos [status:200] [duration:5.19ms]
[2025-11-09 18:49:29] [INFO    ] [req:46b62898] [app.main:34] Request: GET /api/videos [client:127.0.0.1] [user-agent:Mozilla/5.0 (Macintosh; Intel Mac OS X 10_15_7) Ap]
[2025-11-09 18:49:29] [INFO    ] [req:46b62898] [app.main:49] Response: GET /api/videos [status:200] [duration:8.23ms]
[2025-11-09 18:49:34] [INFO    ] [req:983f996d] [app.main:34] Request: GET /api/videos [client:127.0.0.1] [user-agent:Mozilla/5.0 (Macintosh; Intel Mac OS X 10_15_7) Ap]
[2025-11-09 18:49:34] [INFO    ] [req:983f996d] [app.main:49] Response: GET /api/videos [status:200] [duration:9.63ms]
[2025-11-09 18:49:35] [INFO    ] [req:6510ce69] [app.main:34] Request: GET /api/channels/me [client:127.0.0.1] [user-agent:Mozilla/5.0 (Macintosh; Intel Mac OS X 10_15_7) Ap]
[2025-11-09 18:49:35] [INFO    ] [req:6510ce69] [app.main:49] Response: GET /api/channels/me [status:200] [duration:9.13ms]
[2025-11-09 18:49:36] [INFO    ] [req:0dea0b5a] [app.main:34] Request: POST /api/channels/3/sync-videos [client:127.0.0.1] [user-agent:Mozilla/5.0 (Macintosh; Intel Mac OS X 10_15_7) Ap]
[2025-11-09 18:49:36] [INFO    ] [req:0dea0b5a] [app.api.channels:204] Sync videos request - channel_id=3, user_id=3, limit=20
[2025-11-09 18:49:36] [INFO    ] [req:0dea0b5a] [app.api.channels:220] Syncing channel: Mehandi Artist_Miss Mourya 💚 (youtube_id=UCEvzYexJxTTypNFuw0LVvpw)
[2025-11-09 18:49:37] [INFO    ] [req:0dea0b5a] [app.services.youtube_client:21] YouTubeClient initialized (authenticated: True)
[2025-11-09 18:49:37] [INFO    ] [req:0dea0b5a] [app.api.channels:256] Fetching 20 videos from YouTube for channel UCEvzYexJxTTypNFuw0LVvpw
[2025-11-09 18:49:37] [INFO    ] [req:0dea0b5a] [app.api.channels:207] Fetch videos from YouTube - Started
[2025-11-09 18:49:37] [INFO    ] [req:0dea0b5a] [app.services.youtube_client:89] Fetching videos for channel UCEvzYexJxTTypNFuw0LVvpw (limit: 20, order: date)
[2025-11-09 18:49:37] [WARNING ] [req:0dea0b5a] [googleapiclient.http:140] Encountered 403 Forbidden with reason "quotaExceeded"
[2025-11-09 18:49:37] [ERROR   ] [req:0dea0b5a] [app.services.youtube_client:151] Error fetching videos for channel UCEvzYexJxTTypNFuw0LVvpw: <HttpError 403 when requesting https://youtube.googleapis.com/youtube/v3/search?part=id%2Csnippet&channelId=UCEvzYexJxTTypNFuw0LVvpw&maxResults=20&order=date&type=video&alt=json returned "The request cannot be completed because you have exceeded your <a href="/youtube/v3/getting-started#quota">quota</a>.". Details: "[{'message': 'The request cannot be completed because you have exceeded your <a href="/youtube/v3/getting-started#quota">quota</a>.', 'domain': 'youtube.quota', 'reason': 'quotaExceeded'}]">
Traceback (most recent call last):
  File "/Users/mayursuhasiya/Desktop/Projects/ai-youtuber-studio/backend/app/services/youtube_client.py", line 99, in fetch_last_videos
    ).execute()
      ^^^^^^^^^
  File "/Users/mayursuhasiya/Desktop/Projects/ai-youtuber-studio/backend/.venv/lib/python3.12/site-packages/googleapiclient/_helpers.py", line 130, in positional_wrapper
    return wrapped(*args, **kwargs)
           ^^^^^^^^^^^^^^^^^^^^^^^^
  File "/Users/mayursuhasiya/Desktop/Projects/ai-youtuber-studio/backend/.venv/lib/python3.12/site-packages/googleapiclient/http.py", line 938, in execute
    raise HttpError(resp, content, uri=self.uri)
googleapiclient.errors.HttpError: <HttpError 403 when requesting https://youtube.googleapis.com/youtube/v3/search?part=id%2Csnippet&channelId=UCEvzYexJxTTypNFuw0LVvpw&maxResults=20&order=date&type=video&alt=json returned "The request cannot be completed because you have exceeded your <a href="/youtube/v3/getting-started#quota">quota</a>.". Details: "[{'message': 'The request cannot be completed because you have exceeded your <a href="/youtube/v3/getting-started#quota">quota</a>.', 'domain': 'youtube.quota', 'reason': 'quotaExceeded'}]">
[2025-11-09 18:49:37] [ERROR   ] [req:0dea0b5a] [app.api.channels:215] Fetch videos from YouTube - Failed after 407.57ms: <HttpError 403 when requesting https://youtube.googleapis.com/youtube/v3/search?part=id%2Csnippet&channelId=UCEvzYexJxTTypNFuw0LVvpw&maxResults=20&order=date&type=video&alt=json returned "The request cannot be completed because you have exceeded your <a href="/youtube/v3/getting-started#quota">quota</a>.". Details: "[{'message': 'The request cannot be completed because you have exceeded your <a href="/youtube/v3/getting-started#quota">quota</a>.', 'domain': 'youtube.quota', 'reason': 'quotaExceeded'}]">
[2025-11-09 18:49:37] [ERROR   ] [req:0dea0b5a] [app.api.channels:265] Failed to fetch videos from YouTube for channel 3: <HttpError 403 when requesting https://youtube.googleapis.com/youtube/v3/search?part=id%2Csnippet&channelId=UCEvzYexJxTTypNFuw0LVvpw&maxResults=20&order=date&type=video&alt=json returned "The request cannot be completed because you have exceeded your <a href="/youtube/v3/getting-started#quota">quota</a>.". Details: "[{'message': 'The request cannot be completed because you have exceeded your <a href="/youtube/v3/getting-started#quota">quota</a>.', 'domain': 'youtube.quota', 'reason': 'quotaExceeded'}]">
Traceback (most recent call last):
  File "/Users/mayursuhasiya/Desktop/Projects/ai-youtuber-studio/backend/app/api/channels.py", line 258, in sync_channel_videos
    videos_data = youtube_client.fetch_last_videos(
                  ^^^^^^^^^^^^^^^^^^^^^^^^^^^^^^^^^
  File "/Users/mayursuhasiya/Desktop/Projects/ai-youtuber-studio/backend/app/services/youtube_client.py", line 99, in fetch_last_videos
    ).execute()
      ^^^^^^^^^
  File "/Users/mayursuhasiya/Desktop/Projects/ai-youtuber-studio/backend/.venv/lib/python3.12/site-packages/googleapiclient/_helpers.py", line 130, in positional_wrapper
    return wrapped(*args, **kwargs)
           ^^^^^^^^^^^^^^^^^^^^^^^^
  File "/Users/mayursuhasiya/Desktop/Projects/ai-youtuber-studio/backend/.venv/lib/python3.12/site-packages/googleapiclient/http.py", line 938, in execute
    raise HttpError(resp, content, uri=self.uri)
googleapiclient.errors.HttpError: <HttpError 403 when requesting https://youtube.googleapis.com/youtube/v3/search?part=id%2Csnippet&channelId=UCEvzYexJxTTypNFuw0LVvpw&maxResults=20&order=date&type=video&alt=json returned "The request cannot be completed because you have exceeded your <a href="/youtube/v3/getting-started#quota">quota</a>.". Details: "[{'message': 'The request cannot be completed because you have exceeded your <a href="/youtube/v3/getting-started#quota">quota</a>.', 'domain': 'youtube.quota', 'reason': 'quotaExceeded'}]">
[2025-11-09 18:49:37] [ERROR   ] [req:0dea0b5a] [app.main:49] Response: POST /api/channels/3/sync-videos [status:500] [duration:833.98ms]
[2025-11-09 18:59:48] [INFO    ] [req:20c8cb29] [app.main:34] Request: GET /api/analytics/channel/3/summary [client:127.0.0.1] [user-agent:Mozilla/5.0 (Macintosh; Intel Mac OS X 10_15_7) Ap]
[2025-11-09 18:59:48] [INFO    ] [req:4394d5f9] [app.main:34] Request: GET /api/channels/me [client:127.0.0.1] [user-agent:Mozilla/5.0 (Macintosh; Intel Mac OS X 10_15_7) Ap]
[2025-11-09 18:59:48] [INFO    ] [req:20c8cb29] [app.api.analytics:223] Fetching analytics summary for channel 3
[2025-11-09 18:59:48] [INFO    ] [req:20c8cb29] [app.main:49] Response: GET /api/analytics/channel/3/summary [status:200] [duration:34.60ms]
[2025-11-09 18:59:48] [INFO    ] [req:4394d5f9] [app.main:49] Response: GET /api/channels/me [status:200] [duration:33.54ms]
[2025-11-09 18:59:48] [INFO    ] [req:f3923fd3] [app.main:34] Request: GET /api/analytics/channel/3/summary [client:127.0.0.1] [user-agent:Mozilla/5.0 (Macintosh; Intel Mac OS X 10_15_7) Ap]
[2025-11-09 18:59:48] [INFO    ] [req:f3923fd3] [app.api.analytics:223] Fetching analytics summary for channel 3
[2025-11-09 18:59:48] [INFO    ] [req:f3923fd3] [app.main:49] Response: GET /api/analytics/channel/3/summary [status:200] [duration:5.41ms]
[2025-11-09 18:59:54] [INFO    ] [req:385d6afe] [app.main:34] Request: GET /api/analytics/pattern-analysis/retention-by-duration/3 [client:127.0.0.1] [user-agent:Mozilla/5.0 (Macintosh; Intel Mac OS X 10_15_7) Ap]
[2025-11-09 18:59:54] [INFO    ] [req:655b5e89] [app.main:34] Request: GET /api/analytics/pattern-analysis/hook-effectiveness/3 [client:127.0.0.1] [user-agent:Mozilla/5.0 (Macintosh; Intel Mac OS X 10_15_7) Ap]
[2025-11-09 18:59:54] [INFO    ] [req:6837a70c] [app.main:34] Request: GET /api/analytics/pattern-analysis/posting-time/3 [client:127.0.0.1] [user-agent:Mozilla/5.0 (Macintosh; Intel Mac OS X 10_15_7) Ap]
[2025-11-09 18:59:54] [INFO    ] [req:de8b4d4c] [app.main:34] Request: GET /api/analytics/pattern-analysis/engagement/3 [client:127.0.0.1] [user-agent:Mozilla/5.0 (Macintosh; Intel Mac OS X 10_15_7) Ap]
[2025-11-09 18:59:54] [INFO    ] [req:385d6afe] [app.api.analytics:290] Analyzing retention by duration for channel 3
[2025-11-09 18:59:54] [INFO    ] [req:385d6afe] [app.services.advanced_pattern_analyzer:24] Analyzing retention by duration for channel 3
[2025-11-09 18:59:54] [WARNING ] [req:385d6afe] [app.services.advanced_pattern_analyzer:36] No analytics data available for channel 3
[2025-11-09 18:59:54] [INFO    ] [req:655b5e89] [app.api.analytics:301] Analyzing hook effectiveness for channel 3
[2025-11-09 18:59:54] [INFO    ] [req:655b5e89] [app.services.advanced_pattern_analyzer:102] Analyzing hook effectiveness for channel 3
[2025-11-09 18:59:54] [WARNING ] [req:655b5e89] [app.services.advanced_pattern_analyzer:112] No retention data available for channel 3
[2025-11-09 18:59:54] [INFO    ] [req:6837a70c] [app.api.analytics:323] Analyzing posting time for channel 3
[2025-11-09 18:59:54] [INFO    ] [req:6837a70c] [app.services.advanced_pattern_analyzer:207] Analyzing optimal posting time for channel 3
[2025-11-09 18:59:54] [WARNING ] [req:6837a70c] [app.services.advanced_pattern_analyzer:219] Not enough data for time analysis for channel 3
[2025-11-09 18:59:54] [INFO    ] [req:de8b4d4c] [app.api.analytics:334] Analyzing engagement patterns for channel 3
[2025-11-09 18:59:54] [INFO    ] [req:de8b4d4c] [app.services.advanced_pattern_analyzer:267] Analyzing engagement patterns for channel 3
[2025-11-09 18:59:54] [INFO    ] [req:de8b4d4c] [app.services.advanced_pattern_analyzer:301] Engagement analysis complete - avg rate: 1.73%
[2025-11-09 18:59:54] [INFO    ] [req:385d6afe] [app.main:49] Response: GET /api/analytics/pattern-analysis/retention-by-duration/3 [status:200] [duration:48.61ms]
[2025-11-09 18:59:54] [INFO    ] [req:655b5e89] [app.main:49] Response: GET /api/analytics/pattern-analysis/hook-effectiveness/3 [status:200] [duration:47.54ms]
[2025-11-09 18:59:54] [INFO    ] [req:6837a70c] [app.main:49] Response: GET /api/analytics/pattern-analysis/posting-time/3 [status:200] [duration:46.83ms]
[2025-11-09 18:59:54] [INFO    ] [req:0131ada4] [app.main:34] Request: GET /api/analytics/pattern-analysis/retention-by-duration/3 [client:127.0.0.1] [user-agent:Mozilla/5.0 (Macintosh; Intel Mac OS X 10_15_7) Ap]
[2025-11-09 18:59:54] [INFO    ] [req:de8b4d4c] [app.main:49] Response: GET /api/analytics/pattern-analysis/engagement/3 [status:200] [duration:45.47ms]
[2025-11-09 18:59:54] [INFO    ] [req:aba1d03e] [app.main:34] Request: GET /api/analytics/pattern-analysis/hook-effectiveness/3 [client:127.0.0.1] [user-agent:Mozilla/5.0 (Macintosh; Intel Mac OS X 10_15_7) Ap]
[2025-11-09 18:59:54] [INFO    ] [req:32590147] [app.main:34] Request: GET /api/analytics/pattern-analysis/posting-time/3 [client:127.0.0.1] [user-agent:Mozilla/5.0 (Macintosh; Intel Mac OS X 10_15_7) Ap]
[2025-11-09 18:59:54] [INFO    ] [req:3c4fbe84] [app.main:34] Request: GET /api/analytics/pattern-analysis/engagement/3 [client:127.0.0.1] [user-agent:Mozilla/5.0 (Macintosh; Intel Mac OS X 10_15_7) Ap]
[2025-11-09 18:59:54] [INFO    ] [req:0131ada4] [app.api.analytics:290] Analyzing retention by duration for channel 3
[2025-11-09 18:59:54] [INFO    ] [req:0131ada4] [app.services.advanced_pattern_analyzer:24] Analyzing retention by duration for channel 3
[2025-11-09 18:59:54] [WARNING ] [req:0131ada4] [app.services.advanced_pattern_analyzer:36] No analytics data available for channel 3
[2025-11-09 18:59:54] [INFO    ] [req:aba1d03e] [app.api.analytics:301] Analyzing hook effectiveness for channel 3
[2025-11-09 18:59:54] [INFO    ] [req:aba1d03e] [app.services.advanced_pattern_analyzer:102] Analyzing hook effectiveness for channel 3
[2025-11-09 18:59:54] [WARNING ] [req:aba1d03e] [app.services.advanced_pattern_analyzer:112] No retention data available for channel 3
[2025-11-09 18:59:54] [INFO    ] [req:32590147] [app.api.analytics:323] Analyzing posting time for channel 3
[2025-11-09 18:59:54] [INFO    ] [req:32590147] [app.services.advanced_pattern_analyzer:207] Analyzing optimal posting time for channel 3
[2025-11-09 18:59:54] [WARNING ] [req:32590147] [app.services.advanced_pattern_analyzer:219] Not enough data for time analysis for channel 3
[2025-11-09 18:59:54] [INFO    ] [req:3c4fbe84] [app.api.analytics:334] Analyzing engagement patterns for channel 3
[2025-11-09 18:59:54] [INFO    ] [req:3c4fbe84] [app.services.advanced_pattern_analyzer:267] Analyzing engagement patterns for channel 3
[2025-11-09 18:59:54] [INFO    ] [req:3c4fbe84] [app.services.advanced_pattern_analyzer:301] Engagement analysis complete - avg rate: 1.73%
[2025-11-09 18:59:54] [INFO    ] [req:0131ada4] [app.main:49] Response: GET /api/analytics/pattern-analysis/retention-by-duration/3 [status:200] [duration:18.97ms]
[2025-11-09 18:59:54] [INFO    ] [req:aba1d03e] [app.main:49] Response: GET /api/analytics/pattern-analysis/hook-effectiveness/3 [status:200] [duration:17.16ms]
[2025-11-09 18:59:54] [INFO    ] [req:32590147] [app.main:49] Response: GET /api/analytics/pattern-analysis/posting-time/3 [status:200] [duration:17.33ms]
[2025-11-09 18:59:54] [INFO    ] [req:3c4fbe84] [app.main:49] Response: GET /api/analytics/pattern-analysis/engagement/3 [status:200] [duration:16.02ms]
[2025-11-09 18:59:58] [INFO    ] [req:73195a19] [app.main:34] Request: GET /api/channels/me [client:127.0.0.1] [user-agent:Mozilla/5.0 (Macintosh; Intel Mac OS X 10_15_7) Ap]
[2025-11-09 18:59:58] [INFO    ] [req:73195a19] [app.main:49] Response: GET /api/channels/me [status:200] [duration:8.73ms]
[2025-11-09 18:59:58] [INFO    ] [req:8690e99d] [app.main:34] Request: GET /api/channels/me [client:127.0.0.1] [user-agent:Mozilla/5.0 (Macintosh; Intel Mac OS X 10_15_7) Ap]
[2025-11-09 18:59:58] [INFO    ] [req:8690e99d] [app.main:49] Response: GET /api/channels/me [status:200] [duration:7.69ms]
[2025-11-09 19:00:01] [INFO    ] [req:dab32c7b] [app.main:34] Request: GET /api/channels/me [client:127.0.0.1] [user-agent:Mozilla/5.0 (Macintosh; Intel Mac OS X 10_15_7) Ap]
[2025-11-09 19:00:01] [INFO    ] [req:dab32c7b] [app.main:49] Response: GET /api/channels/me [status:200] [duration:7.80ms]
[2025-11-09 19:00:40] [INFO    ] [req:3ed63a93] [app.main:34] Request: POST /api/content-studio/generate-script [client:127.0.0.1] [user-agent:Mozilla/5.0 (Macintosh; Intel Mac OS X 10_15_7) Ap]
[2025-11-09 19:00:40] [ERROR   ] [req:3ed63a93] [app.main:49] Response: POST /api/content-studio/generate-script [status:500] [duration:128.34ms]
[2025-11-09 19:03:21] [INFO    ] [req:deec05ff] [app.main:34] Request: GET /api/channels/me [client:127.0.0.1] [user-agent:Mozilla/5.0 (Macintosh; Intel Mac OS X 10_15_7) Ap]
[2025-11-09 19:03:21] [INFO    ] [req:deec05ff] [app.main:49] Response: GET /api/channels/me [status:200] [duration:6.34ms]
[2025-11-09 19:03:21] [INFO    ] [req:a3bc4d59] [app.main:34] Request: GET /api/channels/me [client:127.0.0.1] [user-agent:Mozilla/5.0 (Macintosh; Intel Mac OS X 10_15_7) Ap]
[2025-11-09 19:03:21] [INFO    ] [req:a3bc4d59] [app.main:49] Response: GET /api/channels/me [status:200] [duration:4.51ms]
[2025-11-09 19:03:51] [INFO    ] [req:173d42b3] [app.main:34] Request: GET /api/channels/me [client:127.0.0.1] [user-agent:Mozilla/5.0 (Macintosh; Intel Mac OS X 10_15_7) Ap]
[2025-11-09 19:03:51] [INFO    ] [req:e80cb0ce] [app.main:34] Request: POST /api/content-studio/analyze-patterns [client:127.0.0.1] [user-agent:Mozilla/5.0 (Macintosh; Intel Mac OS X 10_15_7) Ap]
[2025-11-09 19:03:51] [INFO    ] [req:4896de91] [app.main:34] Request: POST /api/content-studio/analyze-patterns [client:127.0.0.1] [user-agent:Mozilla/5.0 (Macintosh; Intel Mac OS X 10_15_7) Ap]
[2025-11-09 19:03:51] [INFO    ] [req:173d42b3] [app.main:49] Response: GET /api/channels/me [status:200] [duration:14.25ms]
[2025-11-09 19:03:51] [INFO    ] [req:e80cb0ce] [app.services.vector_store:22] Initializing VectorStore - ChromaDB at chromadb:8000
[2025-11-09 19:03:51] [ERROR   ] [req:e80cb0ce] [app.services.vector_store:43] Failed to initialize VectorStore: Could not connect to a Chroma server. Are you sure it is running?
Traceback (most recent call last):
  File "/Users/mayursuhasiya/Desktop/Projects/ai-youtuber-studio/backend/.venv/lib/python3.12/site-packages/httpx/_transports/default.py", line 72, in map_httpcore_exceptions
    yield
  File "/Users/mayursuhasiya/Desktop/Projects/ai-youtuber-studio/backend/.venv/lib/python3.12/site-packages/httpx/_transports/default.py", line 236, in handle_request
    resp = self._pool.handle_request(req)
           ^^^^^^^^^^^^^^^^^^^^^^^^^^^^^^
  File "/Users/mayursuhasiya/Desktop/Projects/ai-youtuber-studio/backend/.venv/lib/python3.12/site-packages/httpcore/_sync/connection_pool.py", line 256, in handle_request
    raise exc from None
  File "/Users/mayursuhasiya/Desktop/Projects/ai-youtuber-studio/backend/.venv/lib/python3.12/site-packages/httpcore/_sync/connection_pool.py", line 236, in handle_request
    response = connection.handle_request(
               ^^^^^^^^^^^^^^^^^^^^^^^^^^
  File "/Users/mayursuhasiya/Desktop/Projects/ai-youtuber-studio/backend/.venv/lib/python3.12/site-packages/httpcore/_sync/connection.py", line 101, in handle_request
    raise exc
  File "/Users/mayursuhasiya/Desktop/Projects/ai-youtuber-studio/backend/.venv/lib/python3.12/site-packages/httpcore/_sync/connection.py", line 78, in handle_request
    stream = self._connect(request)
             ^^^^^^^^^^^^^^^^^^^^^^
  File "/Users/mayursuhasiya/Desktop/Projects/ai-youtuber-studio/backend/.venv/lib/python3.12/site-packages/httpcore/_sync/connection.py", line 124, in _connect
    stream = self._network_backend.connect_tcp(**kwargs)
             ^^^^^^^^^^^^^^^^^^^^^^^^^^^^^^^^^^^^^^^^^^^
  File "/Users/mayursuhasiya/Desktop/Projects/ai-youtuber-studio/backend/.venv/lib/python3.12/site-packages/httpcore/_backends/sync.py", line 207, in connect_tcp
    with map_exceptions(exc_map):
         ^^^^^^^^^^^^^^^^^^^^^^^
  File "/opt/homebrew/Cellar/python@3.12/3.12.12/Frameworks/Python.framework/Versions/3.12/lib/python3.12/contextlib.py", line 158, in __exit__
    self.gen.throw(value)
  File "/Users/mayursuhasiya/Desktop/Projects/ai-youtuber-studio/backend/.venv/lib/python3.12/site-packages/httpcore/_exceptions.py", line 14, in map_exceptions
    raise to_exc(exc) from exc
httpcore.ConnectError: [Errno 8] nodename nor servname provided, or not known

The above exception was the direct cause of the following exception:

Traceback (most recent call last):
  File "/Users/mayursuhasiya/Desktop/Projects/ai-youtuber-studio/backend/.venv/lib/python3.12/site-packages/chromadb/api/client.py", line 122, in get_user_identity
    return self._server.get_user_identity()
           ^^^^^^^^^^^^^^^^^^^^^^^^^^^^^^^^
  File "/Users/mayursuhasiya/Desktop/Projects/ai-youtuber-studio/backend/.venv/lib/python3.12/site-packages/chromadb/telemetry/opentelemetry/__init__.py", line 150, in wrapper
    return f(*args, **kwargs)
           ^^^^^^^^^^^^^^^^^^
  File "/Users/mayursuhasiya/Desktop/Projects/ai-youtuber-studio/backend/.venv/lib/python3.12/site-packages/chromadb/api/fastapi.py", line 211, in get_user_identity
    return UserIdentity(**self._make_request("get", "/auth/identity"))
                          ^^^^^^^^^^^^^^^^^^^^^^^^^^^^^^^^^^^^^^^^^^^
  File "/Users/mayursuhasiya/Desktop/Projects/ai-youtuber-studio/backend/.venv/lib/python3.12/site-packages/chromadb/api/fastapi.py", line 116, in _make_request
    response = self._session.request(method, url, **cast(Any, kwargs))
               ^^^^^^^^^^^^^^^^^^^^^^^^^^^^^^^^^^^^^^^^^^^^^^^^^^^^^^^
  File "/Users/mayursuhasiya/Desktop/Projects/ai-youtuber-studio/backend/.venv/lib/python3.12/site-packages/httpx/_client.py", line 837, in request
    return self.send(request, auth=auth, follow_redirects=follow_redirects)
           ^^^^^^^^^^^^^^^^^^^^^^^^^^^^^^^^^^^^^^^^^^^^^^^^^^^^^^^^^^^^^^^^
  File "/Users/mayursuhasiya/Desktop/Projects/ai-youtuber-studio/backend/.venv/lib/python3.12/site-packages/httpx/_client.py", line 926, in send
    response = self._send_handling_auth(
               ^^^^^^^^^^^^^^^^^^^^^^^^^
  File "/Users/mayursuhasiya/Desktop/Projects/ai-youtuber-studio/backend/.venv/lib/python3.12/site-packages/httpx/_client.py", line 954, in _send_handling_auth
    response = self._send_handling_redirects(
               ^^^^^^^^^^^^^^^^^^^^^^^^^^^^^^
  File "/Users/mayursuhasiya/Desktop/Projects/ai-youtuber-studio/backend/.venv/lib/python3.12/site-packages/httpx/_client.py", line 991, in _send_handling_redirects
    response = self._send_single_request(request)
               ^^^^^^^^^^^^^^^^^^^^^^^^^^^^^^^^^^
  File "/Users/mayursuhasiya/Desktop/Projects/ai-youtuber-studio/backend/.venv/lib/python3.12/site-packages/httpx/_client.py", line 1027, in _send_single_request
    response = transport.handle_request(request)
               ^^^^^^^^^^^^^^^^^^^^^^^^^^^^^^^^^
  File "/Users/mayursuhasiya/Desktop/Projects/ai-youtuber-studio/backend/.venv/lib/python3.12/site-packages/httpx/_transports/default.py", line 235, in handle_request
    with map_httpcore_exceptions():
         ^^^^^^^^^^^^^^^^^^^^^^^^^
  File "/opt/homebrew/Cellar/python@3.12/3.12.12/Frameworks/Python.framework/Versions/3.12/lib/python3.12/contextlib.py", line 158, in __exit__
    self.gen.throw(value)
  File "/Users/mayursuhasiya/Desktop/Projects/ai-youtuber-studio/backend/.venv/lib/python3.12/site-packages/httpx/_transports/default.py", line 89, in map_httpcore_exceptions
    raise mapped_exc(message) from exc
httpx.ConnectError: [Errno 8] nodename nor servname provided, or not known

During handling of the above exception, another exception occurred:

Traceback (most recent call last):
  File "/Users/mayursuhasiya/Desktop/Projects/ai-youtuber-studio/backend/app/services/vector_store.py", line 26, in __init__
    self.client = chromadb.HttpClient(
                  ^^^^^^^^^^^^^^^^^^^^
  File "/Users/mayursuhasiya/Desktop/Projects/ai-youtuber-studio/backend/.venv/lib/python3.12/site-packages/chromadb/__init__.py", line 293, in HttpClient
    return ClientCreator(tenant=tenant, database=database, settings=settings)
           ^^^^^^^^^^^^^^^^^^^^^^^^^^^^^^^^^^^^^^^^^^^^^^^^^^^^^^^^^^^^^^^^^^
  File "/Users/mayursuhasiya/Desktop/Projects/ai-youtuber-studio/backend/.venv/lib/python3.12/site-packages/chromadb/api/client.py", line 75, in __init__
    user_identity = self.get_user_identity()
                    ^^^^^^^^^^^^^^^^^^^^^^^^
  File "/Users/mayursuhasiya/Desktop/Projects/ai-youtuber-studio/backend/.venv/lib/python3.12/site-packages/chromadb/api/client.py", line 124, in get_user_identity
    raise ValueError(
ValueError: Could not connect to a Chroma server. Are you sure it is running?
[2025-11-09 19:03:51] [INFO    ] [req:4896de91] [app.services.vector_store:22] Initializing VectorStore - ChromaDB at chromadb:8000
[2025-11-09 19:03:51] [ERROR   ] [req:4896de91] [app.services.vector_store:43] Failed to initialize VectorStore: Could not connect to a Chroma server. Are you sure it is running?
Traceback (most recent call last):
  File "/Users/mayursuhasiya/Desktop/Projects/ai-youtuber-studio/backend/.venv/lib/python3.12/site-packages/httpx/_transports/default.py", line 72, in map_httpcore_exceptions
    yield
  File "/Users/mayursuhasiya/Desktop/Projects/ai-youtuber-studio/backend/.venv/lib/python3.12/site-packages/httpx/_transports/default.py", line 236, in handle_request
    resp = self._pool.handle_request(req)
           ^^^^^^^^^^^^^^^^^^^^^^^^^^^^^^
  File "/Users/mayursuhasiya/Desktop/Projects/ai-youtuber-studio/backend/.venv/lib/python3.12/site-packages/httpcore/_sync/connection_pool.py", line 256, in handle_request
    raise exc from None
  File "/Users/mayursuhasiya/Desktop/Projects/ai-youtuber-studio/backend/.venv/lib/python3.12/site-packages/httpcore/_sync/connection_pool.py", line 236, in handle_request
    response = connection.handle_request(
               ^^^^^^^^^^^^^^^^^^^^^^^^^^
  File "/Users/mayursuhasiya/Desktop/Projects/ai-youtuber-studio/backend/.venv/lib/python3.12/site-packages/httpcore/_sync/connection.py", line 101, in handle_request
    raise exc
  File "/Users/mayursuhasiya/Desktop/Projects/ai-youtuber-studio/backend/.venv/lib/python3.12/site-packages/httpcore/_sync/connection.py", line 78, in handle_request
    stream = self._connect(request)
             ^^^^^^^^^^^^^^^^^^^^^^
  File "/Users/mayursuhasiya/Desktop/Projects/ai-youtuber-studio/backend/.venv/lib/python3.12/site-packages/httpcore/_sync/connection.py", line 124, in _connect
    stream = self._network_backend.connect_tcp(**kwargs)
             ^^^^^^^^^^^^^^^^^^^^^^^^^^^^^^^^^^^^^^^^^^^
  File "/Users/mayursuhasiya/Desktop/Projects/ai-youtuber-studio/backend/.venv/lib/python3.12/site-packages/httpcore/_backends/sync.py", line 207, in connect_tcp
    with map_exceptions(exc_map):
         ^^^^^^^^^^^^^^^^^^^^^^^
  File "/opt/homebrew/Cellar/python@3.12/3.12.12/Frameworks/Python.framework/Versions/3.12/lib/python3.12/contextlib.py", line 158, in __exit__
    self.gen.throw(value)
  File "/Users/mayursuhasiya/Desktop/Projects/ai-youtuber-studio/backend/.venv/lib/python3.12/site-packages/httpcore/_exceptions.py", line 14, in map_exceptions
    raise to_exc(exc) from exc
httpcore.ConnectError: [Errno 8] nodename nor servname provided, or not known

The above exception was the direct cause of the following exception:

Traceback (most recent call last):
  File "/Users/mayursuhasiya/Desktop/Projects/ai-youtuber-studio/backend/.venv/lib/python3.12/site-packages/chromadb/api/client.py", line 122, in get_user_identity
    return self._server.get_user_identity()
           ^^^^^^^^^^^^^^^^^^^^^^^^^^^^^^^^
  File "/Users/mayursuhasiya/Desktop/Projects/ai-youtuber-studio/backend/.venv/lib/python3.12/site-packages/chromadb/telemetry/opentelemetry/__init__.py", line 150, in wrapper
    return f(*args, **kwargs)
           ^^^^^^^^^^^^^^^^^^
  File "/Users/mayursuhasiya/Desktop/Projects/ai-youtuber-studio/backend/.venv/lib/python3.12/site-packages/chromadb/api/fastapi.py", line 211, in get_user_identity
    return UserIdentity(**self._make_request("get", "/auth/identity"))
                          ^^^^^^^^^^^^^^^^^^^^^^^^^^^^^^^^^^^^^^^^^^^
  File "/Users/mayursuhasiya/Desktop/Projects/ai-youtuber-studio/backend/.venv/lib/python3.12/site-packages/chromadb/api/fastapi.py", line 116, in _make_request
    response = self._session.request(method, url, **cast(Any, kwargs))
               ^^^^^^^^^^^^^^^^^^^^^^^^^^^^^^^^^^^^^^^^^^^^^^^^^^^^^^^
  File "/Users/mayursuhasiya/Desktop/Projects/ai-youtuber-studio/backend/.venv/lib/python3.12/site-packages/httpx/_client.py", line 837, in request
    return self.send(request, auth=auth, follow_redirects=follow_redirects)
           ^^^^^^^^^^^^^^^^^^^^^^^^^^^^^^^^^^^^^^^^^^^^^^^^^^^^^^^^^^^^^^^^
  File "/Users/mayursuhasiya/Desktop/Projects/ai-youtuber-studio/backend/.venv/lib/python3.12/site-packages/httpx/_client.py", line 926, in send
    response = self._send_handling_auth(
               ^^^^^^^^^^^^^^^^^^^^^^^^^
  File "/Users/mayursuhasiya/Desktop/Projects/ai-youtuber-studio/backend/.venv/lib/python3.12/site-packages/httpx/_client.py", line 954, in _send_handling_auth
    response = self._send_handling_redirects(
               ^^^^^^^^^^^^^^^^^^^^^^^^^^^^^^
  File "/Users/mayursuhasiya/Desktop/Projects/ai-youtuber-studio/backend/.venv/lib/python3.12/site-packages/httpx/_client.py", line 991, in _send_handling_redirects
    response = self._send_single_request(request)
               ^^^^^^^^^^^^^^^^^^^^^^^^^^^^^^^^^^
  File "/Users/mayursuhasiya/Desktop/Projects/ai-youtuber-studio/backend/.venv/lib/python3.12/site-packages/httpx/_client.py", line 1027, in _send_single_request
    response = transport.handle_request(request)
               ^^^^^^^^^^^^^^^^^^^^^^^^^^^^^^^^^
  File "/Users/mayursuhasiya/Desktop/Projects/ai-youtuber-studio/backend/.venv/lib/python3.12/site-packages/httpx/_transports/default.py", line 235, in handle_request
    with map_httpcore_exceptions():
         ^^^^^^^^^^^^^^^^^^^^^^^^^
  File "/opt/homebrew/Cellar/python@3.12/3.12.12/Frameworks/Python.framework/Versions/3.12/lib/python3.12/contextlib.py", line 158, in __exit__
    self.gen.throw(value)
  File "/Users/mayursuhasiya/Desktop/Projects/ai-youtuber-studio/backend/.venv/lib/python3.12/site-packages/httpx/_transports/default.py", line 89, in map_httpcore_exceptions
    raise mapped_exc(message) from exc
httpx.ConnectError: [Errno 8] nodename nor servname provided, or not known

During handling of the above exception, another exception occurred:

Traceback (most recent call last):
  File "/Users/mayursuhasiya/Desktop/Projects/ai-youtuber-studio/backend/app/services/vector_store.py", line 26, in __init__
    self.client = chromadb.HttpClient(
                  ^^^^^^^^^^^^^^^^^^^^
  File "/Users/mayursuhasiya/Desktop/Projects/ai-youtuber-studio/backend/.venv/lib/python3.12/site-packages/chromadb/__init__.py", line 293, in HttpClient
    return ClientCreator(tenant=tenant, database=database, settings=settings)
           ^^^^^^^^^^^^^^^^^^^^^^^^^^^^^^^^^^^^^^^^^^^^^^^^^^^^^^^^^^^^^^^^^^
  File "/Users/mayursuhasiya/Desktop/Projects/ai-youtuber-studio/backend/.venv/lib/python3.12/site-packages/chromadb/api/client.py", line 75, in __init__
    user_identity = self.get_user_identity()
                    ^^^^^^^^^^^^^^^^^^^^^^^^
  File "/Users/mayursuhasiya/Desktop/Projects/ai-youtuber-studio/backend/.venv/lib/python3.12/site-packages/chromadb/api/client.py", line 124, in get_user_identity
    raise ValueError(
ValueError: Could not connect to a Chroma server. Are you sure it is running?
[2025-11-09 19:03:51] [ERROR   ] [req:4896de91] [app.main:62] Request failed: POST /api/content-studio/analyze-patterns [duration:534.22ms] [error:Could not connect to a Chroma server. Are you sure it is running?]
Traceback (most recent call last):
  File "/Users/mayursuhasiya/Desktop/Projects/ai-youtuber-studio/backend/.venv/lib/python3.12/site-packages/starlette/middleware/base.py", line 157, in call_next
    message = await recv_stream.receive()
              ^^^^^^^^^^^^^^^^^^^^^^^^^^^
  File "/Users/mayursuhasiya/Desktop/Projects/ai-youtuber-studio/backend/.venv/lib/python3.12/site-packages/anyio/streams/memory.py", line 126, in receive
    raise EndOfStream from None
anyio.EndOfStream

During handling of the above exception, another exception occurred:

Traceback (most recent call last):
  File "/Users/mayursuhasiya/Desktop/Projects/ai-youtuber-studio/backend/app/main.py", line 44, in dispatch
    response = await call_next(request)
               ^^^^^^^^^^^^^^^^^^^^^^^^
  File "/Users/mayursuhasiya/Desktop/Projects/ai-youtuber-studio/backend/.venv/lib/python3.12/site-packages/starlette/middleware/base.py", line 163, in call_next
    raise app_exc
  File "/Users/mayursuhasiya/Desktop/Projects/ai-youtuber-studio/backend/.venv/lib/python3.12/site-packages/starlette/middleware/base.py", line 149, in coro
    await self.app(scope, receive_or_disconnect, send_no_error)
  File "/Users/mayursuhasiya/Desktop/Projects/ai-youtuber-studio/backend/.venv/lib/python3.12/site-packages/starlette/middleware/exceptions.py", line 62, in __call__
    await wrap_app_handling_exceptions(self.app, conn)(scope, receive, send)
  File "/Users/mayursuhasiya/Desktop/Projects/ai-youtuber-studio/backend/.venv/lib/python3.12/site-packages/starlette/_exception_handler.py", line 62, in wrapped_app
    raise exc
  File "/Users/mayursuhasiya/Desktop/Projects/ai-youtuber-studio/backend/.venv/lib/python3.12/site-packages/starlette/_exception_handler.py", line 51, in wrapped_app
    await app(scope, receive, sender)
  File "/Users/mayursuhasiya/Desktop/Projects/ai-youtuber-studio/backend/.venv/lib/python3.12/site-packages/starlette/routing.py", line 715, in __call__
    await self.middleware_stack(scope, receive, send)
  File "/Users/mayursuhasiya/Desktop/Projects/ai-youtuber-studio/backend/.venv/lib/python3.12/site-packages/starlette/routing.py", line 735, in app
    await route.handle(scope, receive, send)
  File "/Users/mayursuhasiya/Desktop/Projects/ai-youtuber-studio/backend/.venv/lib/python3.12/site-packages/starlette/routing.py", line 288, in handle
    await self.app(scope, receive, send)
  File "/Users/mayursuhasiya/Desktop/Projects/ai-youtuber-studio/backend/.venv/lib/python3.12/site-packages/starlette/routing.py", line 76, in app
    await wrap_app_handling_exceptions(app, request)(scope, receive, send)
  File "/Users/mayursuhasiya/Desktop/Projects/ai-youtuber-studio/backend/.venv/lib/python3.12/site-packages/starlette/_exception_handler.py", line 62, in wrapped_app
    raise exc
  File "/Users/mayursuhasiya/Desktop/Projects/ai-youtuber-studio/backend/.venv/lib/python3.12/site-packages/starlette/_exception_handler.py", line 51, in wrapped_app
    await app(scope, receive, sender)
  File "/Users/mayursuhasiya/Desktop/Projects/ai-youtuber-studio/backend/.venv/lib/python3.12/site-packages/starlette/routing.py", line 73, in app
    response = await f(request)
               ^^^^^^^^^^^^^^^^
  File "/Users/mayursuhasiya/Desktop/Projects/ai-youtuber-studio/backend/.venv/lib/python3.12/site-packages/fastapi/routing.py", line 301, in app
    raw_response = await run_endpoint_function(
                   ^^^^^^^^^^^^^^^^^^^^^^^^^^^^
  File "/Users/mayursuhasiya/Desktop/Projects/ai-youtuber-studio/backend/.venv/lib/python3.12/site-packages/fastapi/routing.py", line 212, in run_endpoint_function
    return await dependant.call(**values)
           ^^^^^^^^^^^^^^^^^^^^^^^^^^^^^^
  File "/Users/mayursuhasiya/Desktop/Projects/ai-youtuber-studio/backend/app/api/content_studio.py", line 66, in analyze_channel_patterns
    pattern_analyzer = get_pattern_analyzer()
                       ^^^^^^^^^^^^^^^^^^^^^^
  File "/Users/mayursuhasiya/Desktop/Projects/ai-youtuber-studio/backend/app/services/pattern_analyzer.py", line 261, in get_pattern_analyzer
    _pattern_analyzer = PatternAnalyzer()
                        ^^^^^^^^^^^^^^^^^
  File "/Users/mayursuhasiya/Desktop/Projects/ai-youtuber-studio/backend/app/services/pattern_analyzer.py", line 19, in __init__
    self.vector_store = get_vector_store()
                        ^^^^^^^^^^^^^^^^^^
  File "/Users/mayursuhasiya/Desktop/Projects/ai-youtuber-studio/backend/app/services/vector_store.py", line 294, in get_vector_store
    _vector_store = VectorStore()
                    ^^^^^^^^^^^^^
  File "/Users/mayursuhasiya/Desktop/Projects/ai-youtuber-studio/backend/app/services/vector_store.py", line 26, in __init__
    self.client = chromadb.HttpClient(
                  ^^^^^^^^^^^^^^^^^^^^
  File "/Users/mayursuhasiya/Desktop/Projects/ai-youtuber-studio/backend/.venv/lib/python3.12/site-packages/chromadb/__init__.py", line 293, in HttpClient
    return ClientCreator(tenant=tenant, database=database, settings=settings)
           ^^^^^^^^^^^^^^^^^^^^^^^^^^^^^^^^^^^^^^^^^^^^^^^^^^^^^^^^^^^^^^^^^^
  File "/Users/mayursuhasiya/Desktop/Projects/ai-youtuber-studio/backend/.venv/lib/python3.12/site-packages/chromadb/api/client.py", line 75, in __init__
    user_identity = self.get_user_identity()
                    ^^^^^^^^^^^^^^^^^^^^^^^^
  File "/Users/mayursuhasiya/Desktop/Projects/ai-youtuber-studio/backend/.venv/lib/python3.12/site-packages/chromadb/api/client.py", line 124, in get_user_identity
    raise ValueError(
ValueError: Could not connect to a Chroma server. Are you sure it is running?
[2025-11-09 19:03:51] [ERROR   ] [req:e80cb0ce] [app.main:62] Request failed: POST /api/content-studio/analyze-patterns [duration:547.41ms] [error:Could not connect to a Chroma server. Are you sure it is running?]
Traceback (most recent call last):
  File "/Users/mayursuhasiya/Desktop/Projects/ai-youtuber-studio/backend/.venv/lib/python3.12/site-packages/starlette/middleware/base.py", line 157, in call_next
    message = await recv_stream.receive()
              ^^^^^^^^^^^^^^^^^^^^^^^^^^^
  File "/Users/mayursuhasiya/Desktop/Projects/ai-youtuber-studio/backend/.venv/lib/python3.12/site-packages/anyio/streams/memory.py", line 126, in receive
    raise EndOfStream from None
anyio.EndOfStream

During handling of the above exception, another exception occurred:

Traceback (most recent call last):
  File "/Users/mayursuhasiya/Desktop/Projects/ai-youtuber-studio/backend/app/main.py", line 44, in dispatch
    response = await call_next(request)
               ^^^^^^^^^^^^^^^^^^^^^^^^
  File "/Users/mayursuhasiya/Desktop/Projects/ai-youtuber-studio/backend/.venv/lib/python3.12/site-packages/starlette/middleware/base.py", line 163, in call_next
    raise app_exc
  File "/Users/mayursuhasiya/Desktop/Projects/ai-youtuber-studio/backend/.venv/lib/python3.12/site-packages/starlette/middleware/base.py", line 149, in coro
    await self.app(scope, receive_or_disconnect, send_no_error)
  File "/Users/mayursuhasiya/Desktop/Projects/ai-youtuber-studio/backend/.venv/lib/python3.12/site-packages/starlette/middleware/exceptions.py", line 62, in __call__
    await wrap_app_handling_exceptions(self.app, conn)(scope, receive, send)
  File "/Users/mayursuhasiya/Desktop/Projects/ai-youtuber-studio/backend/.venv/lib/python3.12/site-packages/starlette/_exception_handler.py", line 62, in wrapped_app
    raise exc
  File "/Users/mayursuhasiya/Desktop/Projects/ai-youtuber-studio/backend/.venv/lib/python3.12/site-packages/starlette/_exception_handler.py", line 51, in wrapped_app
    await app(scope, receive, sender)
  File "/Users/mayursuhasiya/Desktop/Projects/ai-youtuber-studio/backend/.venv/lib/python3.12/site-packages/starlette/routing.py", line 715, in __call__
    await self.middleware_stack(scope, receive, send)
  File "/Users/mayursuhasiya/Desktop/Projects/ai-youtuber-studio/backend/.venv/lib/python3.12/site-packages/starlette/routing.py", line 735, in app
    await route.handle(scope, receive, send)
  File "/Users/mayursuhasiya/Desktop/Projects/ai-youtuber-studio/backend/.venv/lib/python3.12/site-packages/starlette/routing.py", line 288, in handle
    await self.app(scope, receive, send)
  File "/Users/mayursuhasiya/Desktop/Projects/ai-youtuber-studio/backend/.venv/lib/python3.12/site-packages/starlette/routing.py", line 76, in app
    await wrap_app_handling_exceptions(app, request)(scope, receive, send)
  File "/Users/mayursuhasiya/Desktop/Projects/ai-youtuber-studio/backend/.venv/lib/python3.12/site-packages/starlette/_exception_handler.py", line 62, in wrapped_app
    raise exc
  File "/Users/mayursuhasiya/Desktop/Projects/ai-youtuber-studio/backend/.venv/lib/python3.12/site-packages/starlette/_exception_handler.py", line 51, in wrapped_app
    await app(scope, receive, sender)
  File "/Users/mayursuhasiya/Desktop/Projects/ai-youtuber-studio/backend/.venv/lib/python3.12/site-packages/starlette/routing.py", line 73, in app
    response = await f(request)
               ^^^^^^^^^^^^^^^^
  File "/Users/mayursuhasiya/Desktop/Projects/ai-youtuber-studio/backend/.venv/lib/python3.12/site-packages/fastapi/routing.py", line 301, in app
    raw_response = await run_endpoint_function(
                   ^^^^^^^^^^^^^^^^^^^^^^^^^^^^
  File "/Users/mayursuhasiya/Desktop/Projects/ai-youtuber-studio/backend/.venv/lib/python3.12/site-packages/fastapi/routing.py", line 212, in run_endpoint_function
    return await dependant.call(**values)
           ^^^^^^^^^^^^^^^^^^^^^^^^^^^^^^
  File "/Users/mayursuhasiya/Desktop/Projects/ai-youtuber-studio/backend/app/api/content_studio.py", line 66, in analyze_channel_patterns
    pattern_analyzer = get_pattern_analyzer()
                       ^^^^^^^^^^^^^^^^^^^^^^
  File "/Users/mayursuhasiya/Desktop/Projects/ai-youtuber-studio/backend/app/services/pattern_analyzer.py", line 261, in get_pattern_analyzer
    _pattern_analyzer = PatternAnalyzer()
                        ^^^^^^^^^^^^^^^^^
  File "/Users/mayursuhasiya/Desktop/Projects/ai-youtuber-studio/backend/app/services/pattern_analyzer.py", line 19, in __init__
    self.vector_store = get_vector_store()
                        ^^^^^^^^^^^^^^^^^^
  File "/Users/mayursuhasiya/Desktop/Projects/ai-youtuber-studio/backend/app/services/vector_store.py", line 294, in get_vector_store
    _vector_store = VectorStore()
                    ^^^^^^^^^^^^^
  File "/Users/mayursuhasiya/Desktop/Projects/ai-youtuber-studio/backend/app/services/vector_store.py", line 26, in __init__
    self.client = chromadb.HttpClient(
                  ^^^^^^^^^^^^^^^^^^^^
  File "/Users/mayursuhasiya/Desktop/Projects/ai-youtuber-studio/backend/.venv/lib/python3.12/site-packages/chromadb/__init__.py", line 293, in HttpClient
    return ClientCreator(tenant=tenant, database=database, settings=settings)
           ^^^^^^^^^^^^^^^^^^^^^^^^^^^^^^^^^^^^^^^^^^^^^^^^^^^^^^^^^^^^^^^^^^
  File "/Users/mayursuhasiya/Desktop/Projects/ai-youtuber-studio/backend/.venv/lib/python3.12/site-packages/chromadb/api/client.py", line 75, in __init__
    user_identity = self.get_user_identity()
                    ^^^^^^^^^^^^^^^^^^^^^^^^
  File "/Users/mayursuhasiya/Desktop/Projects/ai-youtuber-studio/backend/.venv/lib/python3.12/site-packages/chromadb/api/client.py", line 124, in get_user_identity
    raise ValueError(
ValueError: Could not connect to a Chroma server. Are you sure it is running?
[2025-11-09 19:05:03] [INFO    ] [req:N/A] [app.main:114] ================================================================================
[2025-11-09 19:05:03] [INFO    ] [req:N/A] [app.main:115] AI YouTuber Studio Backend - Shutting Down
[2025-11-09 19:05:03] [INFO    ] [req:N/A] [app.main:116] ================================================================================
[2025-11-09 19:05:09] [INFO    ] [req:N/A] [root:152] ================================================================================
[2025-11-09 19:05:09] [INFO    ] [req:N/A] [root:153] Logging initialized - Level: INFO, File: /Users/mayursuhasiya/Desktop/Projects/ai-youtuber-studio/backend/logs/app.log
[2025-11-09 19:05:09] [INFO    ] [req:N/A] [root:154] ================================================================================
[2025-11-09 19:05:11] [INFO    ] [req:N/A] [root:152] ================================================================================
[2025-11-09 19:05:11] [INFO    ] [req:N/A] [root:153] Logging initialized - Level: INFO, File: /Users/mayursuhasiya/Desktop/Projects/ai-youtuber-studio/backend/logs/app.log
[2025-11-09 19:05:11] [INFO    ] [req:N/A] [root:154] ================================================================================
[2025-11-09 19:05:11] [INFO    ] [req:N/A] [app.main:22] FastAPI application initialized
[2025-11-09 19:05:11] [INFO    ] [req:N/A] [app.main:93] All API routers registered
[2025-11-09 19:05:11] [INFO    ] [req:N/A] [app.main:97] Redis client initialized: redis://localhost:6379/0
[2025-11-09 19:05:11] [INFO    ] [req:N/A] [app.main:133] Static files mounted from: /Users/mayursuhasiya/Desktop/Projects/ai-youtuber-studio/frontend/dist
[2025-11-09 19:05:11] [INFO    ] [req:N/A] [app.main:104] ================================================================================
[2025-11-09 19:05:11] [INFO    ] [req:N/A] [app.main:105] AI YouTuber Studio Backend - Starting Up
[2025-11-09 19:05:11] [INFO    ] [req:N/A] [app.main:106] Environment: development
[2025-11-09 19:05:11] [INFO    ] [req:N/A] [app.main:107] CORS Origins: ['http://localhost:3000', 'http://localhost:5173', 'https://ai-youtuber-studio.vercel.app/']
[2025-11-09 19:05:11] [INFO    ] [req:N/A] [app.main:108] ================================================================================
[2025-11-09 19:05:18] [INFO    ] [req:5a7d37ed] [app.main:34] Request: GET /api/channels/me [client:127.0.0.1] [user-agent:Mozilla/5.0 (Macintosh; Intel Mac OS X 10_15_7) Ap]
[2025-11-09 19:05:18] [INFO    ] [req:5a7d37ed] [app.main:49] Response: GET /api/channels/me [status:200] [duration:97.40ms]
[2025-11-09 19:05:18] [INFO    ] [req:ce25f3d9] [app.main:34] Request: GET /api/channels/me [client:127.0.0.1] [user-agent:Mozilla/5.0 (Macintosh; Intel Mac OS X 10_15_7) Ap]
[2025-11-09 19:05:18] [INFO    ] [req:ce25f3d9] [app.main:49] Response: GET /api/channels/me [status:200] [duration:2.82ms]
[2025-11-09 19:05:18] [INFO    ] [req:005ce756] [app.main:34] Request: POST /api/content-studio/analyze-patterns [client:127.0.0.1] [user-agent:Mozilla/5.0 (Macintosh; Intel Mac OS X 10_15_7) Ap]
[2025-11-09 19:05:18] [INFO    ] [req:df8ce5bc] [app.main:34] Request: POST /api/content-studio/analyze-patterns [client:127.0.0.1] [user-agent:Mozilla/5.0 (Macintosh; Intel Mac OS X 10_15_7) Ap]
[2025-11-09 19:05:18] [INFO    ] [req:005ce756] [app.services.vector_store:22] Initializing VectorStore - ChromaDB at chromadb:8000
[2025-11-09 19:05:18] [ERROR   ] [req:005ce756] [app.services.vector_store:43] Failed to initialize VectorStore: Could not connect to a Chroma server. Are you sure it is running?
Traceback (most recent call last):
  File "/Users/mayursuhasiya/Desktop/Projects/ai-youtuber-studio/backend/.venv/lib/python3.12/site-packages/httpx/_transports/default.py", line 72, in map_httpcore_exceptions
    yield
  File "/Users/mayursuhasiya/Desktop/Projects/ai-youtuber-studio/backend/.venv/lib/python3.12/site-packages/httpx/_transports/default.py", line 236, in handle_request
    resp = self._pool.handle_request(req)
           ^^^^^^^^^^^^^^^^^^^^^^^^^^^^^^
  File "/Users/mayursuhasiya/Desktop/Projects/ai-youtuber-studio/backend/.venv/lib/python3.12/site-packages/httpcore/_sync/connection_pool.py", line 256, in handle_request
    raise exc from None
  File "/Users/mayursuhasiya/Desktop/Projects/ai-youtuber-studio/backend/.venv/lib/python3.12/site-packages/httpcore/_sync/connection_pool.py", line 236, in handle_request
    response = connection.handle_request(
               ^^^^^^^^^^^^^^^^^^^^^^^^^^
  File "/Users/mayursuhasiya/Desktop/Projects/ai-youtuber-studio/backend/.venv/lib/python3.12/site-packages/httpcore/_sync/connection.py", line 101, in handle_request
    raise exc
  File "/Users/mayursuhasiya/Desktop/Projects/ai-youtuber-studio/backend/.venv/lib/python3.12/site-packages/httpcore/_sync/connection.py", line 78, in handle_request
    stream = self._connect(request)
             ^^^^^^^^^^^^^^^^^^^^^^
  File "/Users/mayursuhasiya/Desktop/Projects/ai-youtuber-studio/backend/.venv/lib/python3.12/site-packages/httpcore/_sync/connection.py", line 124, in _connect
    stream = self._network_backend.connect_tcp(**kwargs)
             ^^^^^^^^^^^^^^^^^^^^^^^^^^^^^^^^^^^^^^^^^^^
  File "/Users/mayursuhasiya/Desktop/Projects/ai-youtuber-studio/backend/.venv/lib/python3.12/site-packages/httpcore/_backends/sync.py", line 207, in connect_tcp
    with map_exceptions(exc_map):
         ^^^^^^^^^^^^^^^^^^^^^^^
  File "/opt/homebrew/Cellar/python@3.12/3.12.12/Frameworks/Python.framework/Versions/3.12/lib/python3.12/contextlib.py", line 158, in __exit__
    self.gen.throw(value)
  File "/Users/mayursuhasiya/Desktop/Projects/ai-youtuber-studio/backend/.venv/lib/python3.12/site-packages/httpcore/_exceptions.py", line 14, in map_exceptions
    raise to_exc(exc) from exc
httpcore.ConnectError: [Errno 8] nodename nor servname provided, or not known

The above exception was the direct cause of the following exception:

Traceback (most recent call last):
  File "/Users/mayursuhasiya/Desktop/Projects/ai-youtuber-studio/backend/.venv/lib/python3.12/site-packages/chromadb/api/client.py", line 122, in get_user_identity
    return self._server.get_user_identity()
           ^^^^^^^^^^^^^^^^^^^^^^^^^^^^^^^^
  File "/Users/mayursuhasiya/Desktop/Projects/ai-youtuber-studio/backend/.venv/lib/python3.12/site-packages/chromadb/telemetry/opentelemetry/__init__.py", line 150, in wrapper
    return f(*args, **kwargs)
           ^^^^^^^^^^^^^^^^^^
  File "/Users/mayursuhasiya/Desktop/Projects/ai-youtuber-studio/backend/.venv/lib/python3.12/site-packages/chromadb/api/fastapi.py", line 211, in get_user_identity
    return UserIdentity(**self._make_request("get", "/auth/identity"))
                          ^^^^^^^^^^^^^^^^^^^^^^^^^^^^^^^^^^^^^^^^^^^
  File "/Users/mayursuhasiya/Desktop/Projects/ai-youtuber-studio/backend/.venv/lib/python3.12/site-packages/chromadb/api/fastapi.py", line 116, in _make_request
    response = self._session.request(method, url, **cast(Any, kwargs))
               ^^^^^^^^^^^^^^^^^^^^^^^^^^^^^^^^^^^^^^^^^^^^^^^^^^^^^^^
  File "/Users/mayursuhasiya/Desktop/Projects/ai-youtuber-studio/backend/.venv/lib/python3.12/site-packages/httpx/_client.py", line 837, in request
    return self.send(request, auth=auth, follow_redirects=follow_redirects)
           ^^^^^^^^^^^^^^^^^^^^^^^^^^^^^^^^^^^^^^^^^^^^^^^^^^^^^^^^^^^^^^^^
  File "/Users/mayursuhasiya/Desktop/Projects/ai-youtuber-studio/backend/.venv/lib/python3.12/site-packages/httpx/_client.py", line 926, in send
    response = self._send_handling_auth(
               ^^^^^^^^^^^^^^^^^^^^^^^^^
  File "/Users/mayursuhasiya/Desktop/Projects/ai-youtuber-studio/backend/.venv/lib/python3.12/site-packages/httpx/_client.py", line 954, in _send_handling_auth
    response = self._send_handling_redirects(
               ^^^^^^^^^^^^^^^^^^^^^^^^^^^^^^
  File "/Users/mayursuhasiya/Desktop/Projects/ai-youtuber-studio/backend/.venv/lib/python3.12/site-packages/httpx/_client.py", line 991, in _send_handling_redirects
    response = self._send_single_request(request)
               ^^^^^^^^^^^^^^^^^^^^^^^^^^^^^^^^^^
  File "/Users/mayursuhasiya/Desktop/Projects/ai-youtuber-studio/backend/.venv/lib/python3.12/site-packages/httpx/_client.py", line 1027, in _send_single_request
    response = transport.handle_request(request)
               ^^^^^^^^^^^^^^^^^^^^^^^^^^^^^^^^^
  File "/Users/mayursuhasiya/Desktop/Projects/ai-youtuber-studio/backend/.venv/lib/python3.12/site-packages/httpx/_transports/default.py", line 235, in handle_request
    with map_httpcore_exceptions():
         ^^^^^^^^^^^^^^^^^^^^^^^^^
  File "/opt/homebrew/Cellar/python@3.12/3.12.12/Frameworks/Python.framework/Versions/3.12/lib/python3.12/contextlib.py", line 158, in __exit__
    self.gen.throw(value)
  File "/Users/mayursuhasiya/Desktop/Projects/ai-youtuber-studio/backend/.venv/lib/python3.12/site-packages/httpx/_transports/default.py", line 89, in map_httpcore_exceptions
    raise mapped_exc(message) from exc
httpx.ConnectError: [Errno 8] nodename nor servname provided, or not known

During handling of the above exception, another exception occurred:

Traceback (most recent call last):
  File "/Users/mayursuhasiya/Desktop/Projects/ai-youtuber-studio/backend/app/services/vector_store.py", line 26, in __init__
    self.client = chromadb.HttpClient(
                  ^^^^^^^^^^^^^^^^^^^^
  File "/Users/mayursuhasiya/Desktop/Projects/ai-youtuber-studio/backend/.venv/lib/python3.12/site-packages/chromadb/__init__.py", line 293, in HttpClient
    return ClientCreator(tenant=tenant, database=database, settings=settings)
           ^^^^^^^^^^^^^^^^^^^^^^^^^^^^^^^^^^^^^^^^^^^^^^^^^^^^^^^^^^^^^^^^^^
  File "/Users/mayursuhasiya/Desktop/Projects/ai-youtuber-studio/backend/.venv/lib/python3.12/site-packages/chromadb/api/client.py", line 75, in __init__
    user_identity = self.get_user_identity()
                    ^^^^^^^^^^^^^^^^^^^^^^^^
  File "/Users/mayursuhasiya/Desktop/Projects/ai-youtuber-studio/backend/.venv/lib/python3.12/site-packages/chromadb/api/client.py", line 124, in get_user_identity
    raise ValueError(
ValueError: Could not connect to a Chroma server. Are you sure it is running?
[2025-11-09 19:05:18] [INFO    ] [req:df8ce5bc] [app.services.vector_store:22] Initializing VectorStore - ChromaDB at chromadb:8000
[2025-11-09 19:05:19] [ERROR   ] [req:df8ce5bc] [app.services.vector_store:43] Failed to initialize VectorStore: Could not connect to a Chroma server. Are you sure it is running?
Traceback (most recent call last):
  File "/Users/mayursuhasiya/Desktop/Projects/ai-youtuber-studio/backend/.venv/lib/python3.12/site-packages/httpx/_transports/default.py", line 72, in map_httpcore_exceptions
    yield
  File "/Users/mayursuhasiya/Desktop/Projects/ai-youtuber-studio/backend/.venv/lib/python3.12/site-packages/httpx/_transports/default.py", line 236, in handle_request
    resp = self._pool.handle_request(req)
           ^^^^^^^^^^^^^^^^^^^^^^^^^^^^^^
  File "/Users/mayursuhasiya/Desktop/Projects/ai-youtuber-studio/backend/.venv/lib/python3.12/site-packages/httpcore/_sync/connection_pool.py", line 256, in handle_request
    raise exc from None
  File "/Users/mayursuhasiya/Desktop/Projects/ai-youtuber-studio/backend/.venv/lib/python3.12/site-packages/httpcore/_sync/connection_pool.py", line 236, in handle_request
    response = connection.handle_request(
               ^^^^^^^^^^^^^^^^^^^^^^^^^^
  File "/Users/mayursuhasiya/Desktop/Projects/ai-youtuber-studio/backend/.venv/lib/python3.12/site-packages/httpcore/_sync/connection.py", line 101, in handle_request
    raise exc
  File "/Users/mayursuhasiya/Desktop/Projects/ai-youtuber-studio/backend/.venv/lib/python3.12/site-packages/httpcore/_sync/connection.py", line 78, in handle_request
    stream = self._connect(request)
             ^^^^^^^^^^^^^^^^^^^^^^
  File "/Users/mayursuhasiya/Desktop/Projects/ai-youtuber-studio/backend/.venv/lib/python3.12/site-packages/httpcore/_sync/connection.py", line 124, in _connect
    stream = self._network_backend.connect_tcp(**kwargs)
             ^^^^^^^^^^^^^^^^^^^^^^^^^^^^^^^^^^^^^^^^^^^
  File "/Users/mayursuhasiya/Desktop/Projects/ai-youtuber-studio/backend/.venv/lib/python3.12/site-packages/httpcore/_backends/sync.py", line 207, in connect_tcp
    with map_exceptions(exc_map):
         ^^^^^^^^^^^^^^^^^^^^^^^
  File "/opt/homebrew/Cellar/python@3.12/3.12.12/Frameworks/Python.framework/Versions/3.12/lib/python3.12/contextlib.py", line 158, in __exit__
    self.gen.throw(value)
  File "/Users/mayursuhasiya/Desktop/Projects/ai-youtuber-studio/backend/.venv/lib/python3.12/site-packages/httpcore/_exceptions.py", line 14, in map_exceptions
    raise to_exc(exc) from exc
httpcore.ConnectError: [Errno 8] nodename nor servname provided, or not known

The above exception was the direct cause of the following exception:

Traceback (most recent call last):
  File "/Users/mayursuhasiya/Desktop/Projects/ai-youtuber-studio/backend/.venv/lib/python3.12/site-packages/chromadb/api/client.py", line 122, in get_user_identity
    return self._server.get_user_identity()
           ^^^^^^^^^^^^^^^^^^^^^^^^^^^^^^^^
  File "/Users/mayursuhasiya/Desktop/Projects/ai-youtuber-studio/backend/.venv/lib/python3.12/site-packages/chromadb/telemetry/opentelemetry/__init__.py", line 150, in wrapper
    return f(*args, **kwargs)
           ^^^^^^^^^^^^^^^^^^
  File "/Users/mayursuhasiya/Desktop/Projects/ai-youtuber-studio/backend/.venv/lib/python3.12/site-packages/chromadb/api/fastapi.py", line 211, in get_user_identity
    return UserIdentity(**self._make_request("get", "/auth/identity"))
                          ^^^^^^^^^^^^^^^^^^^^^^^^^^^^^^^^^^^^^^^^^^^
  File "/Users/mayursuhasiya/Desktop/Projects/ai-youtuber-studio/backend/.venv/lib/python3.12/site-packages/chromadb/api/fastapi.py", line 116, in _make_request
    response = self._session.request(method, url, **cast(Any, kwargs))
               ^^^^^^^^^^^^^^^^^^^^^^^^^^^^^^^^^^^^^^^^^^^^^^^^^^^^^^^
  File "/Users/mayursuhasiya/Desktop/Projects/ai-youtuber-studio/backend/.venv/lib/python3.12/site-packages/httpx/_client.py", line 837, in request
    return self.send(request, auth=auth, follow_redirects=follow_redirects)
           ^^^^^^^^^^^^^^^^^^^^^^^^^^^^^^^^^^^^^^^^^^^^^^^^^^^^^^^^^^^^^^^^
  File "/Users/mayursuhasiya/Desktop/Projects/ai-youtuber-studio/backend/.venv/lib/python3.12/site-packages/httpx/_client.py", line 926, in send
    response = self._send_handling_auth(
               ^^^^^^^^^^^^^^^^^^^^^^^^^
  File "/Users/mayursuhasiya/Desktop/Projects/ai-youtuber-studio/backend/.venv/lib/python3.12/site-packages/httpx/_client.py", line 954, in _send_handling_auth
    response = self._send_handling_redirects(
               ^^^^^^^^^^^^^^^^^^^^^^^^^^^^^^
  File "/Users/mayursuhasiya/Desktop/Projects/ai-youtuber-studio/backend/.venv/lib/python3.12/site-packages/httpx/_client.py", line 991, in _send_handling_redirects
    response = self._send_single_request(request)
               ^^^^^^^^^^^^^^^^^^^^^^^^^^^^^^^^^^
  File "/Users/mayursuhasiya/Desktop/Projects/ai-youtuber-studio/backend/.venv/lib/python3.12/site-packages/httpx/_client.py", line 1027, in _send_single_request
    response = transport.handle_request(request)
               ^^^^^^^^^^^^^^^^^^^^^^^^^^^^^^^^^
  File "/Users/mayursuhasiya/Desktop/Projects/ai-youtuber-studio/backend/.venv/lib/python3.12/site-packages/httpx/_transports/default.py", line 235, in handle_request
    with map_httpcore_exceptions():
         ^^^^^^^^^^^^^^^^^^^^^^^^^
  File "/opt/homebrew/Cellar/python@3.12/3.12.12/Frameworks/Python.framework/Versions/3.12/lib/python3.12/contextlib.py", line 158, in __exit__
    self.gen.throw(value)
  File "/Users/mayursuhasiya/Desktop/Projects/ai-youtuber-studio/backend/.venv/lib/python3.12/site-packages/httpx/_transports/default.py", line 89, in map_httpcore_exceptions
    raise mapped_exc(message) from exc
httpx.ConnectError: [Errno 8] nodename nor servname provided, or not known

During handling of the above exception, another exception occurred:

Traceback (most recent call last):
  File "/Users/mayursuhasiya/Desktop/Projects/ai-youtuber-studio/backend/app/services/vector_store.py", line 26, in __init__
    self.client = chromadb.HttpClient(
                  ^^^^^^^^^^^^^^^^^^^^
  File "/Users/mayursuhasiya/Desktop/Projects/ai-youtuber-studio/backend/.venv/lib/python3.12/site-packages/chromadb/__init__.py", line 293, in HttpClient
    return ClientCreator(tenant=tenant, database=database, settings=settings)
           ^^^^^^^^^^^^^^^^^^^^^^^^^^^^^^^^^^^^^^^^^^^^^^^^^^^^^^^^^^^^^^^^^^
  File "/Users/mayursuhasiya/Desktop/Projects/ai-youtuber-studio/backend/.venv/lib/python3.12/site-packages/chromadb/api/client.py", line 75, in __init__
    user_identity = self.get_user_identity()
                    ^^^^^^^^^^^^^^^^^^^^^^^^
  File "/Users/mayursuhasiya/Desktop/Projects/ai-youtuber-studio/backend/.venv/lib/python3.12/site-packages/chromadb/api/client.py", line 124, in get_user_identity
    raise ValueError(
ValueError: Could not connect to a Chroma server. Are you sure it is running?
[2025-11-09 19:05:19] [ERROR   ] [req:005ce756] [app.main:62] Request failed: POST /api/content-studio/analyze-patterns [duration:369.57ms] [error:Could not connect to a Chroma server. Are you sure it is running?]
Traceback (most recent call last):
  File "/Users/mayursuhasiya/Desktop/Projects/ai-youtuber-studio/backend/.venv/lib/python3.12/site-packages/starlette/middleware/base.py", line 157, in call_next
    message = await recv_stream.receive()
              ^^^^^^^^^^^^^^^^^^^^^^^^^^^
  File "/Users/mayursuhasiya/Desktop/Projects/ai-youtuber-studio/backend/.venv/lib/python3.12/site-packages/anyio/streams/memory.py", line 126, in receive
    raise EndOfStream from None
anyio.EndOfStream

During handling of the above exception, another exception occurred:

Traceback (most recent call last):
  File "/Users/mayursuhasiya/Desktop/Projects/ai-youtuber-studio/backend/app/main.py", line 44, in dispatch
    response = await call_next(request)
               ^^^^^^^^^^^^^^^^^^^^^^^^
  File "/Users/mayursuhasiya/Desktop/Projects/ai-youtuber-studio/backend/.venv/lib/python3.12/site-packages/starlette/middleware/base.py", line 163, in call_next
    raise app_exc
  File "/Users/mayursuhasiya/Desktop/Projects/ai-youtuber-studio/backend/.venv/lib/python3.12/site-packages/starlette/middleware/base.py", line 149, in coro
    await self.app(scope, receive_or_disconnect, send_no_error)
  File "/Users/mayursuhasiya/Desktop/Projects/ai-youtuber-studio/backend/.venv/lib/python3.12/site-packages/starlette/middleware/exceptions.py", line 62, in __call__
    await wrap_app_handling_exceptions(self.app, conn)(scope, receive, send)
  File "/Users/mayursuhasiya/Desktop/Projects/ai-youtuber-studio/backend/.venv/lib/python3.12/site-packages/starlette/_exception_handler.py", line 62, in wrapped_app
    raise exc
  File "/Users/mayursuhasiya/Desktop/Projects/ai-youtuber-studio/backend/.venv/lib/python3.12/site-packages/starlette/_exception_handler.py", line 51, in wrapped_app
    await app(scope, receive, sender)
  File "/Users/mayursuhasiya/Desktop/Projects/ai-youtuber-studio/backend/.venv/lib/python3.12/site-packages/starlette/routing.py", line 715, in __call__
    await self.middleware_stack(scope, receive, send)
  File "/Users/mayursuhasiya/Desktop/Projects/ai-youtuber-studio/backend/.venv/lib/python3.12/site-packages/starlette/routing.py", line 735, in app
    await route.handle(scope, receive, send)
  File "/Users/mayursuhasiya/Desktop/Projects/ai-youtuber-studio/backend/.venv/lib/python3.12/site-packages/starlette/routing.py", line 288, in handle
    await self.app(scope, receive, send)
  File "/Users/mayursuhasiya/Desktop/Projects/ai-youtuber-studio/backend/.venv/lib/python3.12/site-packages/starlette/routing.py", line 76, in app
    await wrap_app_handling_exceptions(app, request)(scope, receive, send)
  File "/Users/mayursuhasiya/Desktop/Projects/ai-youtuber-studio/backend/.venv/lib/python3.12/site-packages/starlette/_exception_handler.py", line 62, in wrapped_app
    raise exc
  File "/Users/mayursuhasiya/Desktop/Projects/ai-youtuber-studio/backend/.venv/lib/python3.12/site-packages/starlette/_exception_handler.py", line 51, in wrapped_app
    await app(scope, receive, sender)
  File "/Users/mayursuhasiya/Desktop/Projects/ai-youtuber-studio/backend/.venv/lib/python3.12/site-packages/starlette/routing.py", line 73, in app
    response = await f(request)
               ^^^^^^^^^^^^^^^^
  File "/Users/mayursuhasiya/Desktop/Projects/ai-youtuber-studio/backend/.venv/lib/python3.12/site-packages/fastapi/routing.py", line 301, in app
    raw_response = await run_endpoint_function(
                   ^^^^^^^^^^^^^^^^^^^^^^^^^^^^
  File "/Users/mayursuhasiya/Desktop/Projects/ai-youtuber-studio/backend/.venv/lib/python3.12/site-packages/fastapi/routing.py", line 212, in run_endpoint_function
    return await dependant.call(**values)
           ^^^^^^^^^^^^^^^^^^^^^^^^^^^^^^
  File "/Users/mayursuhasiya/Desktop/Projects/ai-youtuber-studio/backend/app/api/content_studio.py", line 66, in analyze_channel_patterns
    pattern_analyzer = get_pattern_analyzer()
                       ^^^^^^^^^^^^^^^^^^^^^^
  File "/Users/mayursuhasiya/Desktop/Projects/ai-youtuber-studio/backend/app/services/pattern_analyzer.py", line 261, in get_pattern_analyzer
    _pattern_analyzer = PatternAnalyzer()
                        ^^^^^^^^^^^^^^^^^
  File "/Users/mayursuhasiya/Desktop/Projects/ai-youtuber-studio/backend/app/services/pattern_analyzer.py", line 19, in __init__
    self.vector_store = get_vector_store()
                        ^^^^^^^^^^^^^^^^^^
  File "/Users/mayursuhasiya/Desktop/Projects/ai-youtuber-studio/backend/app/services/vector_store.py", line 294, in get_vector_store
    _vector_store = VectorStore()
                    ^^^^^^^^^^^^^
  File "/Users/mayursuhasiya/Desktop/Projects/ai-youtuber-studio/backend/app/services/vector_store.py", line 26, in __init__
    self.client = chromadb.HttpClient(
                  ^^^^^^^^^^^^^^^^^^^^
  File "/Users/mayursuhasiya/Desktop/Projects/ai-youtuber-studio/backend/.venv/lib/python3.12/site-packages/chromadb/__init__.py", line 293, in HttpClient
    return ClientCreator(tenant=tenant, database=database, settings=settings)
           ^^^^^^^^^^^^^^^^^^^^^^^^^^^^^^^^^^^^^^^^^^^^^^^^^^^^^^^^^^^^^^^^^^
  File "/Users/mayursuhasiya/Desktop/Projects/ai-youtuber-studio/backend/.venv/lib/python3.12/site-packages/chromadb/api/client.py", line 75, in __init__
    user_identity = self.get_user_identity()
                    ^^^^^^^^^^^^^^^^^^^^^^^^
  File "/Users/mayursuhasiya/Desktop/Projects/ai-youtuber-studio/backend/.venv/lib/python3.12/site-packages/chromadb/api/client.py", line 124, in get_user_identity
    raise ValueError(
ValueError: Could not connect to a Chroma server. Are you sure it is running?
[2025-11-09 19:05:19] [ERROR   ] [req:df8ce5bc] [app.main:62] Request failed: POST /api/content-studio/analyze-patterns [duration:375.57ms] [error:Could not connect to a Chroma server. Are you sure it is running?]
Traceback (most recent call last):
  File "/Users/mayursuhasiya/Desktop/Projects/ai-youtuber-studio/backend/.venv/lib/python3.12/site-packages/starlette/middleware/base.py", line 157, in call_next
    message = await recv_stream.receive()
              ^^^^^^^^^^^^^^^^^^^^^^^^^^^
  File "/Users/mayursuhasiya/Desktop/Projects/ai-youtuber-studio/backend/.venv/lib/python3.12/site-packages/anyio/streams/memory.py", line 126, in receive
    raise EndOfStream from None
anyio.EndOfStream

During handling of the above exception, another exception occurred:

Traceback (most recent call last):
  File "/Users/mayursuhasiya/Desktop/Projects/ai-youtuber-studio/backend/app/main.py", line 44, in dispatch
    response = await call_next(request)
               ^^^^^^^^^^^^^^^^^^^^^^^^
  File "/Users/mayursuhasiya/Desktop/Projects/ai-youtuber-studio/backend/.venv/lib/python3.12/site-packages/starlette/middleware/base.py", line 163, in call_next
    raise app_exc
  File "/Users/mayursuhasiya/Desktop/Projects/ai-youtuber-studio/backend/.venv/lib/python3.12/site-packages/starlette/middleware/base.py", line 149, in coro
    await self.app(scope, receive_or_disconnect, send_no_error)
  File "/Users/mayursuhasiya/Desktop/Projects/ai-youtuber-studio/backend/.venv/lib/python3.12/site-packages/starlette/middleware/exceptions.py", line 62, in __call__
    await wrap_app_handling_exceptions(self.app, conn)(scope, receive, send)
  File "/Users/mayursuhasiya/Desktop/Projects/ai-youtuber-studio/backend/.venv/lib/python3.12/site-packages/starlette/_exception_handler.py", line 62, in wrapped_app
    raise exc
  File "/Users/mayursuhasiya/Desktop/Projects/ai-youtuber-studio/backend/.venv/lib/python3.12/site-packages/starlette/_exception_handler.py", line 51, in wrapped_app
    await app(scope, receive, sender)
  File "/Users/mayursuhasiya/Desktop/Projects/ai-youtuber-studio/backend/.venv/lib/python3.12/site-packages/starlette/routing.py", line 715, in __call__
    await self.middleware_stack(scope, receive, send)
  File "/Users/mayursuhasiya/Desktop/Projects/ai-youtuber-studio/backend/.venv/lib/python3.12/site-packages/starlette/routing.py", line 735, in app
    await route.handle(scope, receive, send)
  File "/Users/mayursuhasiya/Desktop/Projects/ai-youtuber-studio/backend/.venv/lib/python3.12/site-packages/starlette/routing.py", line 288, in handle
    await self.app(scope, receive, send)
  File "/Users/mayursuhasiya/Desktop/Projects/ai-youtuber-studio/backend/.venv/lib/python3.12/site-packages/starlette/routing.py", line 76, in app
    await wrap_app_handling_exceptions(app, request)(scope, receive, send)
  File "/Users/mayursuhasiya/Desktop/Projects/ai-youtuber-studio/backend/.venv/lib/python3.12/site-packages/starlette/_exception_handler.py", line 62, in wrapped_app
    raise exc
  File "/Users/mayursuhasiya/Desktop/Projects/ai-youtuber-studio/backend/.venv/lib/python3.12/site-packages/starlette/_exception_handler.py", line 51, in wrapped_app
    await app(scope, receive, sender)
  File "/Users/mayursuhasiya/Desktop/Projects/ai-youtuber-studio/backend/.venv/lib/python3.12/site-packages/starlette/routing.py", line 73, in app
    response = await f(request)
               ^^^^^^^^^^^^^^^^
  File "/Users/mayursuhasiya/Desktop/Projects/ai-youtuber-studio/backend/.venv/lib/python3.12/site-packages/fastapi/routing.py", line 301, in app
    raw_response = await run_endpoint_function(
                   ^^^^^^^^^^^^^^^^^^^^^^^^^^^^
  File "/Users/mayursuhasiya/Desktop/Projects/ai-youtuber-studio/backend/.venv/lib/python3.12/site-packages/fastapi/routing.py", line 212, in run_endpoint_function
    return await dependant.call(**values)
           ^^^^^^^^^^^^^^^^^^^^^^^^^^^^^^
  File "/Users/mayursuhasiya/Desktop/Projects/ai-youtuber-studio/backend/app/api/content_studio.py", line 66, in analyze_channel_patterns
    pattern_analyzer = get_pattern_analyzer()
                       ^^^^^^^^^^^^^^^^^^^^^^
  File "/Users/mayursuhasiya/Desktop/Projects/ai-youtuber-studio/backend/app/services/pattern_analyzer.py", line 261, in get_pattern_analyzer
    _pattern_analyzer = PatternAnalyzer()
                        ^^^^^^^^^^^^^^^^^
  File "/Users/mayursuhasiya/Desktop/Projects/ai-youtuber-studio/backend/app/services/pattern_analyzer.py", line 19, in __init__
    self.vector_store = get_vector_store()
                        ^^^^^^^^^^^^^^^^^^
  File "/Users/mayursuhasiya/Desktop/Projects/ai-youtuber-studio/backend/app/services/vector_store.py", line 294, in get_vector_store
    _vector_store = VectorStore()
                    ^^^^^^^^^^^^^
  File "/Users/mayursuhasiya/Desktop/Projects/ai-youtuber-studio/backend/app/services/vector_store.py", line 26, in __init__
    self.client = chromadb.HttpClient(
                  ^^^^^^^^^^^^^^^^^^^^
  File "/Users/mayursuhasiya/Desktop/Projects/ai-youtuber-studio/backend/.venv/lib/python3.12/site-packages/chromadb/__init__.py", line 293, in HttpClient
    return ClientCreator(tenant=tenant, database=database, settings=settings)
           ^^^^^^^^^^^^^^^^^^^^^^^^^^^^^^^^^^^^^^^^^^^^^^^^^^^^^^^^^^^^^^^^^^
  File "/Users/mayursuhasiya/Desktop/Projects/ai-youtuber-studio/backend/.venv/lib/python3.12/site-packages/chromadb/api/client.py", line 75, in __init__
    user_identity = self.get_user_identity()
                    ^^^^^^^^^^^^^^^^^^^^^^^^
  File "/Users/mayursuhasiya/Desktop/Projects/ai-youtuber-studio/backend/.venv/lib/python3.12/site-packages/chromadb/api/client.py", line 124, in get_user_identity
    raise ValueError(
ValueError: Could not connect to a Chroma server. Are you sure it is running?
[2025-11-09 19:07:00] [INFO    ] [req:1dae83d9] [app.main:34] Request: GET /api/channels/me [client:127.0.0.1] [user-agent:Mozilla/5.0 (Macintosh; Intel Mac OS X 10_15_7) Ap]
[2025-11-09 19:07:00] [INFO    ] [req:1dae83d9] [app.main:49] Response: GET /api/channels/me [status:200] [duration:11.24ms]
[2025-11-09 19:07:00] [INFO    ] [req:9f0c7411] [app.main:34] Request: GET /api/channels/me [client:127.0.0.1] [user-agent:Mozilla/5.0 (Macintosh; Intel Mac OS X 10_15_7) Ap]
[2025-11-09 19:07:00] [INFO    ] [req:9f0c7411] [app.main:49] Response: GET /api/channels/me [status:200] [duration:5.81ms]
[2025-11-09 19:07:00] [INFO    ] [req:b47dd26a] [app.main:34] Request: POST /api/content-studio/analyze-patterns [client:127.0.0.1] [user-agent:Mozilla/5.0 (Macintosh; Intel Mac OS X 10_15_7) Ap]
[2025-11-09 19:07:00] [INFO    ] [req:cc3b9936] [app.main:34] Request: POST /api/content-studio/analyze-patterns [client:127.0.0.1] [user-agent:Mozilla/5.0 (Macintosh; Intel Mac OS X 10_15_7) Ap]
[2025-11-09 19:07:13] [INFO    ] [req:b47dd26a] [app.services.vector_store:22] Initializing VectorStore - ChromaDB at chromadb:8000
[2025-11-09 19:10:43] [INFO    ] [req:N/A] [root:152] ================================================================================
[2025-11-09 19:10:43] [INFO    ] [req:N/A] [root:153] Logging initialized - Level: INFO, File: /Users/mayursuhasiya/Desktop/Projects/ai-youtuber-studio/backend/logs/app.log
[2025-11-09 19:10:43] [INFO    ] [req:N/A] [root:154] ================================================================================
[2025-11-09 19:10:44] [INFO    ] [req:N/A] [root:152] ================================================================================
[2025-11-09 19:10:44] [INFO    ] [req:N/A] [root:153] Logging initialized - Level: INFO, File: /Users/mayursuhasiya/Desktop/Projects/ai-youtuber-studio/backend/logs/app.log
[2025-11-09 19:10:44] [INFO    ] [req:N/A] [root:154] ================================================================================
[2025-11-09 19:10:44] [INFO    ] [req:N/A] [app.main:22] FastAPI application initialized
[2025-11-09 19:10:44] [INFO    ] [req:N/A] [app.main:93] All API routers registered
[2025-11-09 19:10:44] [INFO    ] [req:N/A] [app.main:97] Redis client initialized: redis://localhost:6379/0
[2025-11-09 19:10:44] [INFO    ] [req:N/A] [app.main:133] Static files mounted from: /Users/mayursuhasiya/Desktop/Projects/ai-youtuber-studio/frontend/dist
[2025-11-09 19:10:44] [INFO    ] [req:N/A] [app.main:104] ================================================================================
[2025-11-09 19:10:44] [INFO    ] [req:N/A] [app.main:105] AI YouTuber Studio Backend - Starting Up
[2025-11-09 19:10:44] [INFO    ] [req:N/A] [app.main:106] Environment: development
[2025-11-09 19:10:44] [INFO    ] [req:N/A] [app.main:107] CORS Origins: ['http://localhost:3000', 'http://localhost:5173', 'https://ai-youtuber-studio.vercel.app/']
[2025-11-09 19:10:44] [INFO    ] [req:N/A] [app.main:108] ================================================================================
[2025-11-09 19:10:54] [INFO    ] [req:ede09224] [app.main:34] Request: GET /api/channels/me [client:127.0.0.1] [user-agent:Mozilla/5.0 (Macintosh; Intel Mac OS X 10_15_7) Ap]
[2025-11-09 19:10:54] [INFO    ] [req:ede09224] [app.main:49] Response: GET /api/channels/me [status:200] [duration:96.20ms]
[2025-11-09 19:10:54] [INFO    ] [req:33127be0] [app.main:34] Request: GET /api/channels/me [client:127.0.0.1] [user-agent:Mozilla/5.0 (Macintosh; Intel Mac OS X 10_15_7) Ap]
[2025-11-09 19:10:54] [INFO    ] [req:33127be0] [app.main:49] Response: GET /api/channels/me [status:200] [duration:2.61ms]
[2025-11-09 19:10:54] [INFO    ] [req:0058604b] [app.main:34] Request: POST /api/content-studio/analyze-patterns [client:127.0.0.1] [user-agent:Mozilla/5.0 (Macintosh; Intel Mac OS X 10_15_7) Ap]
[2025-11-09 19:10:54] [INFO    ] [req:1c40c73a] [app.main:34] Request: POST /api/content-studio/analyze-patterns [client:127.0.0.1] [user-agent:Mozilla/5.0 (Macintosh; Intel Mac OS X 10_15_7) Ap]
[2025-11-09 19:10:58] [INFO    ] [req:0058604b] [app.services.vector_store:22] Initializing VectorStore - ChromaDB at localhost:8001
[2025-11-09 19:11:15] [ERROR   ] [req:0058604b] [app.services.vector_store:43] Failed to initialize VectorStore: {"error":"KeyError('_type')"} (trace ID: 0)
Traceback (most recent call last):
  File "/Users/mayursuhasiya/Desktop/Projects/ai-youtuber-studio/backend/.venv/lib/python3.12/site-packages/chromadb/api/base_http_client.py", line 100, in _raise_chroma_error
    resp.raise_for_status()
  File "/Users/mayursuhasiya/Desktop/Projects/ai-youtuber-studio/backend/.venv/lib/python3.12/site-packages/httpx/_models.py", line 763, in raise_for_status
    raise HTTPStatusError(message, request=request, response=self)
httpx.HTTPStatusError: Server error '500 Internal Server Error' for url 'http://localhost:8001/api/v2/tenants/default_tenant/databases/default_database/collections'
For more information check: https://developer.mozilla.org/en-US/docs/Web/HTTP/Status/500

During handling of the above exception, another exception occurred:

Traceback (most recent call last):
  File "/Users/mayursuhasiya/Desktop/Projects/ai-youtuber-studio/backend/app/services/vector_store.py", line 33, in __init__
    self.collection = self.client.get_or_create_collection(
                      ^^^^^^^^^^^^^^^^^^^^^^^^^^^^^^^^^^^^^
  File "/Users/mayursuhasiya/Desktop/Projects/ai-youtuber-studio/backend/.venv/lib/python3.12/site-packages/chromadb/api/client.py", line 249, in get_or_create_collection
    model = self._server.get_or_create_collection(
            ^^^^^^^^^^^^^^^^^^^^^^^^^^^^^^^^^^^^^^
  File "/Users/mayursuhasiya/Desktop/Projects/ai-youtuber-studio/backend/.venv/lib/python3.12/site-packages/chromadb/telemetry/opentelemetry/__init__.py", line 150, in wrapper
    return f(*args, **kwargs)
           ^^^^^^^^^^^^^^^^^^
  File "/Users/mayursuhasiya/Desktop/Projects/ai-youtuber-studio/backend/.venv/lib/python3.12/site-packages/chromadb/api/fastapi.py", line 316, in get_or_create_collection
    return self.create_collection(
           ^^^^^^^^^^^^^^^^^^^^^^^
  File "/Users/mayursuhasiya/Desktop/Projects/ai-youtuber-studio/backend/.venv/lib/python3.12/site-packages/chromadb/telemetry/opentelemetry/__init__.py", line 150, in wrapper
    return f(*args, **kwargs)
           ^^^^^^^^^^^^^^^^^^
  File "/Users/mayursuhasiya/Desktop/Projects/ai-youtuber-studio/backend/.venv/lib/python3.12/site-packages/chromadb/api/fastapi.py", line 271, in create_collection
    resp_json = self._make_request(
                ^^^^^^^^^^^^^^^^^^^
  File "/Users/mayursuhasiya/Desktop/Projects/ai-youtuber-studio/backend/.venv/lib/python3.12/site-packages/chromadb/api/fastapi.py", line 117, in _make_request
    BaseHTTPClient._raise_chroma_error(response)
  File "/Users/mayursuhasiya/Desktop/Projects/ai-youtuber-studio/backend/.venv/lib/python3.12/site-packages/chromadb/api/base_http_client.py", line 104, in _raise_chroma_error
    raise Exception(f"{resp.text} (trace ID: {trace_id})")
Exception: {"error":"KeyError('_type')"} (trace ID: 0)
[2025-11-09 19:11:28] [INFO    ] [req:1c40c73a] [app.services.vector_store:22] Initializing VectorStore - ChromaDB at localhost:8001
[2025-11-09 19:11:29] [ERROR   ] [req:1c40c73a] [app.services.vector_store:43] Failed to initialize VectorStore: {"error":"KeyError('_type')"} (trace ID: 0)
Traceback (most recent call last):
  File "/Users/mayursuhasiya/Desktop/Projects/ai-youtuber-studio/backend/.venv/lib/python3.12/site-packages/chromadb/api/base_http_client.py", line 100, in _raise_chroma_error
    resp.raise_for_status()
  File "/Users/mayursuhasiya/Desktop/Projects/ai-youtuber-studio/backend/.venv/lib/python3.12/site-packages/httpx/_models.py", line 763, in raise_for_status
    raise HTTPStatusError(message, request=request, response=self)
httpx.HTTPStatusError: Server error '500 Internal Server Error' for url 'http://localhost:8001/api/v2/tenants/default_tenant/databases/default_database/collections'
For more information check: https://developer.mozilla.org/en-US/docs/Web/HTTP/Status/500

During handling of the above exception, another exception occurred:

Traceback (most recent call last):
  File "/Users/mayursuhasiya/Desktop/Projects/ai-youtuber-studio/backend/app/services/vector_store.py", line 33, in __init__
    self.collection = self.client.get_or_create_collection(
                      ^^^^^^^^^^^^^^^^^^^^^^^^^^^^^^^^^^^^^
  File "/Users/mayursuhasiya/Desktop/Projects/ai-youtuber-studio/backend/.venv/lib/python3.12/site-packages/chromadb/api/client.py", line 249, in get_or_create_collection
    model = self._server.get_or_create_collection(
            ^^^^^^^^^^^^^^^^^^^^^^^^^^^^^^^^^^^^^^
  File "/Users/mayursuhasiya/Desktop/Projects/ai-youtuber-studio/backend/.venv/lib/python3.12/site-packages/chromadb/telemetry/opentelemetry/__init__.py", line 150, in wrapper
    return f(*args, **kwargs)
           ^^^^^^^^^^^^^^^^^^
  File "/Users/mayursuhasiya/Desktop/Projects/ai-youtuber-studio/backend/.venv/lib/python3.12/site-packages/chromadb/api/fastapi.py", line 316, in get_or_create_collection
    return self.create_collection(
           ^^^^^^^^^^^^^^^^^^^^^^^
  File "/Users/mayursuhasiya/Desktop/Projects/ai-youtuber-studio/backend/.venv/lib/python3.12/site-packages/chromadb/telemetry/opentelemetry/__init__.py", line 150, in wrapper
    return f(*args, **kwargs)
           ^^^^^^^^^^^^^^^^^^
  File "/Users/mayursuhasiya/Desktop/Projects/ai-youtuber-studio/backend/.venv/lib/python3.12/site-packages/chromadb/api/fastapi.py", line 271, in create_collection
    resp_json = self._make_request(
                ^^^^^^^^^^^^^^^^^^^
  File "/Users/mayursuhasiya/Desktop/Projects/ai-youtuber-studio/backend/.venv/lib/python3.12/site-packages/chromadb/api/fastapi.py", line 117, in _make_request
    BaseHTTPClient._raise_chroma_error(response)
  File "/Users/mayursuhasiya/Desktop/Projects/ai-youtuber-studio/backend/.venv/lib/python3.12/site-packages/chromadb/api/base_http_client.py", line 104, in _raise_chroma_error
    raise Exception(f"{resp.text} (trace ID: {trace_id})")
Exception: {"error":"KeyError('_type')"} (trace ID: 0)
[2025-11-09 19:11:29] [ERROR   ] [req:0058604b] [app.main:62] Request failed: POST /api/content-studio/analyze-patterns [duration:34645.35ms] [error:{"error":"KeyError('_type')"} (trace ID: 0)]
Traceback (most recent call last):
  File "/Users/mayursuhasiya/Desktop/Projects/ai-youtuber-studio/backend/.venv/lib/python3.12/site-packages/starlette/middleware/base.py", line 157, in call_next
    message = await recv_stream.receive()
              ^^^^^^^^^^^^^^^^^^^^^^^^^^^
  File "/Users/mayursuhasiya/Desktop/Projects/ai-youtuber-studio/backend/.venv/lib/python3.12/site-packages/anyio/streams/memory.py", line 126, in receive
    raise EndOfStream from None
anyio.EndOfStream

During handling of the above exception, another exception occurred:

Traceback (most recent call last):
  File "/Users/mayursuhasiya/Desktop/Projects/ai-youtuber-studio/backend/app/main.py", line 44, in dispatch
    response = await call_next(request)
               ^^^^^^^^^^^^^^^^^^^^^^^^
  File "/Users/mayursuhasiya/Desktop/Projects/ai-youtuber-studio/backend/.venv/lib/python3.12/site-packages/starlette/middleware/base.py", line 163, in call_next
    raise app_exc
  File "/Users/mayursuhasiya/Desktop/Projects/ai-youtuber-studio/backend/.venv/lib/python3.12/site-packages/starlette/middleware/base.py", line 149, in coro
    await self.app(scope, receive_or_disconnect, send_no_error)
  File "/Users/mayursuhasiya/Desktop/Projects/ai-youtuber-studio/backend/.venv/lib/python3.12/site-packages/starlette/middleware/exceptions.py", line 62, in __call__
    await wrap_app_handling_exceptions(self.app, conn)(scope, receive, send)
  File "/Users/mayursuhasiya/Desktop/Projects/ai-youtuber-studio/backend/.venv/lib/python3.12/site-packages/starlette/_exception_handler.py", line 62, in wrapped_app
    raise exc
  File "/Users/mayursuhasiya/Desktop/Projects/ai-youtuber-studio/backend/.venv/lib/python3.12/site-packages/starlette/_exception_handler.py", line 51, in wrapped_app
    await app(scope, receive, sender)
  File "/Users/mayursuhasiya/Desktop/Projects/ai-youtuber-studio/backend/.venv/lib/python3.12/site-packages/starlette/routing.py", line 715, in __call__
    await self.middleware_stack(scope, receive, send)
  File "/Users/mayursuhasiya/Desktop/Projects/ai-youtuber-studio/backend/.venv/lib/python3.12/site-packages/starlette/routing.py", line 735, in app
    await route.handle(scope, receive, send)
  File "/Users/mayursuhasiya/Desktop/Projects/ai-youtuber-studio/backend/.venv/lib/python3.12/site-packages/starlette/routing.py", line 288, in handle
    await self.app(scope, receive, send)
  File "/Users/mayursuhasiya/Desktop/Projects/ai-youtuber-studio/backend/.venv/lib/python3.12/site-packages/starlette/routing.py", line 76, in app
    await wrap_app_handling_exceptions(app, request)(scope, receive, send)
  File "/Users/mayursuhasiya/Desktop/Projects/ai-youtuber-studio/backend/.venv/lib/python3.12/site-packages/starlette/_exception_handler.py", line 62, in wrapped_app
    raise exc
  File "/Users/mayursuhasiya/Desktop/Projects/ai-youtuber-studio/backend/.venv/lib/python3.12/site-packages/starlette/_exception_handler.py", line 51, in wrapped_app
    await app(scope, receive, sender)
  File "/Users/mayursuhasiya/Desktop/Projects/ai-youtuber-studio/backend/.venv/lib/python3.12/site-packages/starlette/routing.py", line 73, in app
    response = await f(request)
               ^^^^^^^^^^^^^^^^
  File "/Users/mayursuhasiya/Desktop/Projects/ai-youtuber-studio/backend/.venv/lib/python3.12/site-packages/fastapi/routing.py", line 301, in app
    raw_response = await run_endpoint_function(
                   ^^^^^^^^^^^^^^^^^^^^^^^^^^^^
  File "/Users/mayursuhasiya/Desktop/Projects/ai-youtuber-studio/backend/.venv/lib/python3.12/site-packages/fastapi/routing.py", line 212, in run_endpoint_function
    return await dependant.call(**values)
           ^^^^^^^^^^^^^^^^^^^^^^^^^^^^^^
  File "/Users/mayursuhasiya/Desktop/Projects/ai-youtuber-studio/backend/app/api/content_studio.py", line 66, in analyze_channel_patterns
    pattern_analyzer = get_pattern_analyzer()
                       ^^^^^^^^^^^^^^^^^^^^^^
  File "/Users/mayursuhasiya/Desktop/Projects/ai-youtuber-studio/backend/app/services/pattern_analyzer.py", line 261, in get_pattern_analyzer
    _pattern_analyzer = PatternAnalyzer()
                        ^^^^^^^^^^^^^^^^^
  File "/Users/mayursuhasiya/Desktop/Projects/ai-youtuber-studio/backend/app/services/pattern_analyzer.py", line 19, in __init__
    self.vector_store = get_vector_store()
                        ^^^^^^^^^^^^^^^^^^
  File "/Users/mayursuhasiya/Desktop/Projects/ai-youtuber-studio/backend/app/services/vector_store.py", line 294, in get_vector_store
    _vector_store = VectorStore()
                    ^^^^^^^^^^^^^
  File "/Users/mayursuhasiya/Desktop/Projects/ai-youtuber-studio/backend/app/services/vector_store.py", line 33, in __init__
    self.collection = self.client.get_or_create_collection(
                      ^^^^^^^^^^^^^^^^^^^^^^^^^^^^^^^^^^^^^
  File "/Users/mayursuhasiya/Desktop/Projects/ai-youtuber-studio/backend/.venv/lib/python3.12/site-packages/chromadb/api/client.py", line 249, in get_or_create_collection
    model = self._server.get_or_create_collection(
            ^^^^^^^^^^^^^^^^^^^^^^^^^^^^^^^^^^^^^^
  File "/Users/mayursuhasiya/Desktop/Projects/ai-youtuber-studio/backend/.venv/lib/python3.12/site-packages/chromadb/telemetry/opentelemetry/__init__.py", line 150, in wrapper
    return f(*args, **kwargs)
           ^^^^^^^^^^^^^^^^^^
  File "/Users/mayursuhasiya/Desktop/Projects/ai-youtuber-studio/backend/.venv/lib/python3.12/site-packages/chromadb/api/fastapi.py", line 316, in get_or_create_collection
    return self.create_collection(
           ^^^^^^^^^^^^^^^^^^^^^^^
  File "/Users/mayursuhasiya/Desktop/Projects/ai-youtuber-studio/backend/.venv/lib/python3.12/site-packages/chromadb/telemetry/opentelemetry/__init__.py", line 150, in wrapper
    return f(*args, **kwargs)
           ^^^^^^^^^^^^^^^^^^
  File "/Users/mayursuhasiya/Desktop/Projects/ai-youtuber-studio/backend/.venv/lib/python3.12/site-packages/chromadb/api/fastapi.py", line 271, in create_collection
    resp_json = self._make_request(
                ^^^^^^^^^^^^^^^^^^^
  File "/Users/mayursuhasiya/Desktop/Projects/ai-youtuber-studio/backend/.venv/lib/python3.12/site-packages/chromadb/api/fastapi.py", line 117, in _make_request
    BaseHTTPClient._raise_chroma_error(response)
  File "/Users/mayursuhasiya/Desktop/Projects/ai-youtuber-studio/backend/.venv/lib/python3.12/site-packages/chromadb/api/base_http_client.py", line 104, in _raise_chroma_error
    raise Exception(f"{resp.text} (trace ID: {trace_id})")
Exception: {"error":"KeyError('_type')"} (trace ID: 0)
[2025-11-09 19:11:29] [ERROR   ] [req:1c40c73a] [app.main:62] Request failed: POST /api/content-studio/analyze-patterns [duration:34664.93ms] [error:{"error":"KeyError('_type')"} (trace ID: 0)]
Traceback (most recent call last):
  File "/Users/mayursuhasiya/Desktop/Projects/ai-youtuber-studio/backend/.venv/lib/python3.12/site-packages/starlette/middleware/base.py", line 157, in call_next
    message = await recv_stream.receive()
              ^^^^^^^^^^^^^^^^^^^^^^^^^^^
  File "/Users/mayursuhasiya/Desktop/Projects/ai-youtuber-studio/backend/.venv/lib/python3.12/site-packages/anyio/streams/memory.py", line 126, in receive
    raise EndOfStream from None
anyio.EndOfStream

During handling of the above exception, another exception occurred:

Traceback (most recent call last):
  File "/Users/mayursuhasiya/Desktop/Projects/ai-youtuber-studio/backend/app/main.py", line 44, in dispatch
    response = await call_next(request)
               ^^^^^^^^^^^^^^^^^^^^^^^^
  File "/Users/mayursuhasiya/Desktop/Projects/ai-youtuber-studio/backend/.venv/lib/python3.12/site-packages/starlette/middleware/base.py", line 163, in call_next
    raise app_exc
  File "/Users/mayursuhasiya/Desktop/Projects/ai-youtuber-studio/backend/.venv/lib/python3.12/site-packages/starlette/middleware/base.py", line 149, in coro
    await self.app(scope, receive_or_disconnect, send_no_error)
  File "/Users/mayursuhasiya/Desktop/Projects/ai-youtuber-studio/backend/.venv/lib/python3.12/site-packages/starlette/middleware/exceptions.py", line 62, in __call__
    await wrap_app_handling_exceptions(self.app, conn)(scope, receive, send)
  File "/Users/mayursuhasiya/Desktop/Projects/ai-youtuber-studio/backend/.venv/lib/python3.12/site-packages/starlette/_exception_handler.py", line 62, in wrapped_app
    raise exc
  File "/Users/mayursuhasiya/Desktop/Projects/ai-youtuber-studio/backend/.venv/lib/python3.12/site-packages/starlette/_exception_handler.py", line 51, in wrapped_app
    await app(scope, receive, sender)
  File "/Users/mayursuhasiya/Desktop/Projects/ai-youtuber-studio/backend/.venv/lib/python3.12/site-packages/starlette/routing.py", line 715, in __call__
    await self.middleware_stack(scope, receive, send)
  File "/Users/mayursuhasiya/Desktop/Projects/ai-youtuber-studio/backend/.venv/lib/python3.12/site-packages/starlette/routing.py", line 735, in app
    await route.handle(scope, receive, send)
  File "/Users/mayursuhasiya/Desktop/Projects/ai-youtuber-studio/backend/.venv/lib/python3.12/site-packages/starlette/routing.py", line 288, in handle
    await self.app(scope, receive, send)
  File "/Users/mayursuhasiya/Desktop/Projects/ai-youtuber-studio/backend/.venv/lib/python3.12/site-packages/starlette/routing.py", line 76, in app
    await wrap_app_handling_exceptions(app, request)(scope, receive, send)
  File "/Users/mayursuhasiya/Desktop/Projects/ai-youtuber-studio/backend/.venv/lib/python3.12/site-packages/starlette/_exception_handler.py", line 62, in wrapped_app
    raise exc
  File "/Users/mayursuhasiya/Desktop/Projects/ai-youtuber-studio/backend/.venv/lib/python3.12/site-packages/starlette/_exception_handler.py", line 51, in wrapped_app
    await app(scope, receive, sender)
  File "/Users/mayursuhasiya/Desktop/Projects/ai-youtuber-studio/backend/.venv/lib/python3.12/site-packages/starlette/routing.py", line 73, in app
    response = await f(request)
               ^^^^^^^^^^^^^^^^
  File "/Users/mayursuhasiya/Desktop/Projects/ai-youtuber-studio/backend/.venv/lib/python3.12/site-packages/fastapi/routing.py", line 301, in app
    raw_response = await run_endpoint_function(
                   ^^^^^^^^^^^^^^^^^^^^^^^^^^^^
  File "/Users/mayursuhasiya/Desktop/Projects/ai-youtuber-studio/backend/.venv/lib/python3.12/site-packages/fastapi/routing.py", line 212, in run_endpoint_function
    return await dependant.call(**values)
           ^^^^^^^^^^^^^^^^^^^^^^^^^^^^^^
  File "/Users/mayursuhasiya/Desktop/Projects/ai-youtuber-studio/backend/app/api/content_studio.py", line 66, in analyze_channel_patterns
    pattern_analyzer = get_pattern_analyzer()
                       ^^^^^^^^^^^^^^^^^^^^^^
  File "/Users/mayursuhasiya/Desktop/Projects/ai-youtuber-studio/backend/app/services/pattern_analyzer.py", line 261, in get_pattern_analyzer
    _pattern_analyzer = PatternAnalyzer()
                        ^^^^^^^^^^^^^^^^^
  File "/Users/mayursuhasiya/Desktop/Projects/ai-youtuber-studio/backend/app/services/pattern_analyzer.py", line 19, in __init__
    self.vector_store = get_vector_store()
                        ^^^^^^^^^^^^^^^^^^
  File "/Users/mayursuhasiya/Desktop/Projects/ai-youtuber-studio/backend/app/services/vector_store.py", line 294, in get_vector_store
    _vector_store = VectorStore()
                    ^^^^^^^^^^^^^
  File "/Users/mayursuhasiya/Desktop/Projects/ai-youtuber-studio/backend/app/services/vector_store.py", line 33, in __init__
    self.collection = self.client.get_or_create_collection(
                      ^^^^^^^^^^^^^^^^^^^^^^^^^^^^^^^^^^^^^
  File "/Users/mayursuhasiya/Desktop/Projects/ai-youtuber-studio/backend/.venv/lib/python3.12/site-packages/chromadb/api/client.py", line 249, in get_or_create_collection
    model = self._server.get_or_create_collection(
            ^^^^^^^^^^^^^^^^^^^^^^^^^^^^^^^^^^^^^^
  File "/Users/mayursuhasiya/Desktop/Projects/ai-youtuber-studio/backend/.venv/lib/python3.12/site-packages/chromadb/telemetry/opentelemetry/__init__.py", line 150, in wrapper
    return f(*args, **kwargs)
           ^^^^^^^^^^^^^^^^^^
  File "/Users/mayursuhasiya/Desktop/Projects/ai-youtuber-studio/backend/.venv/lib/python3.12/site-packages/chromadb/api/fastapi.py", line 316, in get_or_create_collection
    return self.create_collection(
           ^^^^^^^^^^^^^^^^^^^^^^^
  File "/Users/mayursuhasiya/Desktop/Projects/ai-youtuber-studio/backend/.venv/lib/python3.12/site-packages/chromadb/telemetry/opentelemetry/__init__.py", line 150, in wrapper
    return f(*args, **kwargs)
           ^^^^^^^^^^^^^^^^^^
  File "/Users/mayursuhasiya/Desktop/Projects/ai-youtuber-studio/backend/.venv/lib/python3.12/site-packages/chromadb/api/fastapi.py", line 271, in create_collection
    resp_json = self._make_request(
                ^^^^^^^^^^^^^^^^^^^
  File "/Users/mayursuhasiya/Desktop/Projects/ai-youtuber-studio/backend/.venv/lib/python3.12/site-packages/chromadb/api/fastapi.py", line 117, in _make_request
    BaseHTTPClient._raise_chroma_error(response)
  File "/Users/mayursuhasiya/Desktop/Projects/ai-youtuber-studio/backend/.venv/lib/python3.12/site-packages/chromadb/api/base_http_client.py", line 104, in _raise_chroma_error
    raise Exception(f"{resp.text} (trace ID: {trace_id})")
Exception: {"error":"KeyError('_type')"} (trace ID: 0)
[2025-11-09 13:47:15] [INFO    ] [req:N/A] [root:152] ================================================================================
[2025-11-09 13:47:15] [INFO    ] [req:N/A] [root:153] Logging initialized - Level: INFO, File: /app/logs/app.log
[2025-11-09 13:47:15] [INFO    ] [req:N/A] [root:154] ================================================================================
[2025-11-09 19:17:54] [INFO    ] [req:N/A] [app.main:114] ================================================================================
[2025-11-09 19:17:54] [INFO    ] [req:N/A] [app.main:115] AI YouTuber Studio Backend - Shutting Down
[2025-11-09 19:17:54] [INFO    ] [req:N/A] [app.main:116] ================================================================================
[2025-11-09 19:17:58] [INFO    ] [req:N/A] [root:152] ================================================================================
[2025-11-09 19:17:58] [INFO    ] [req:N/A] [root:153] Logging initialized - Level: INFO, File: /Users/mayursuhasiya/Desktop/Projects/ai-youtuber-studio/backend/logs/app.log
[2025-11-09 19:17:58] [INFO    ] [req:N/A] [root:154] ================================================================================
[2025-11-09 19:18:00] [INFO    ] [req:N/A] [root:152] ================================================================================
[2025-11-09 19:18:00] [INFO    ] [req:N/A] [root:153] Logging initialized - Level: INFO, File: /Users/mayursuhasiya/Desktop/Projects/ai-youtuber-studio/backend/logs/app.log
[2025-11-09 19:18:00] [INFO    ] [req:N/A] [root:154] ================================================================================
[2025-11-09 19:18:00] [INFO    ] [req:N/A] [app.main:22] FastAPI application initialized
[2025-11-09 19:18:00] [INFO    ] [req:N/A] [app.main:93] All API routers registered
[2025-11-09 19:18:00] [INFO    ] [req:N/A] [app.main:97] Redis client initialized: redis://localhost:6379/0
[2025-11-09 19:18:00] [INFO    ] [req:N/A] [app.main:133] Static files mounted from: /Users/mayursuhasiya/Desktop/Projects/ai-youtuber-studio/frontend/dist
[2025-11-09 19:18:00] [INFO    ] [req:N/A] [app.main:104] ================================================================================
[2025-11-09 19:18:00] [INFO    ] [req:N/A] [app.main:105] AI YouTuber Studio Backend - Starting Up
[2025-11-09 19:18:00] [INFO    ] [req:N/A] [app.main:106] Environment: development
[2025-11-09 19:18:00] [INFO    ] [req:N/A] [app.main:107] CORS Origins: ['http://localhost:3000', 'http://localhost:5173', 'https://ai-youtuber-studio.vercel.app/']
[2025-11-09 19:18:00] [INFO    ] [req:N/A] [app.main:108] ================================================================================
[2025-11-09 19:18:59] [INFO    ] [req:N/A] [app.main:114] ================================================================================
[2025-11-09 19:18:59] [INFO    ] [req:N/A] [app.main:115] AI YouTuber Studio Backend - Shutting Down
[2025-11-09 19:18:59] [INFO    ] [req:N/A] [app.main:116] ================================================================================
[2025-11-09 19:19:03] [INFO    ] [req:N/A] [root:152] ================================================================================
[2025-11-09 19:19:03] [INFO    ] [req:N/A] [root:153] Logging initialized - Level: INFO, File: /Users/mayursuhasiya/Desktop/Projects/ai-youtuber-studio/backend/logs/app.log
[2025-11-09 19:19:03] [INFO    ] [req:N/A] [root:154] ================================================================================
[2025-11-09 19:19:05] [INFO    ] [req:N/A] [root:152] ================================================================================
[2025-11-09 19:19:05] [INFO    ] [req:N/A] [root:153] Logging initialized - Level: INFO, File: /Users/mayursuhasiya/Desktop/Projects/ai-youtuber-studio/backend/logs/app.log
[2025-11-09 19:19:05] [INFO    ] [req:N/A] [root:154] ================================================================================
[2025-11-09 19:19:05] [INFO    ] [req:N/A] [app.main:22] FastAPI application initialized
[2025-11-09 19:19:05] [INFO    ] [req:N/A] [app.main:93] All API routers registered
[2025-11-09 19:19:05] [INFO    ] [req:N/A] [app.main:97] Redis client initialized: redis://localhost:6379/0
[2025-11-09 19:19:05] [INFO    ] [req:N/A] [app.main:133] Static files mounted from: /Users/mayursuhasiya/Desktop/Projects/ai-youtuber-studio/frontend/dist
[2025-11-09 19:19:05] [INFO    ] [req:N/A] [app.main:104] ================================================================================
[2025-11-09 19:19:05] [INFO    ] [req:N/A] [app.main:105] AI YouTuber Studio Backend - Starting Up
[2025-11-09 19:19:05] [INFO    ] [req:N/A] [app.main:106] Environment: development
[2025-11-09 19:19:05] [INFO    ] [req:N/A] [app.main:107] CORS Origins: ['http://localhost:3000', 'http://localhost:5173', 'https://ai-youtuber-studio.vercel.app/']
[2025-11-09 19:19:05] [INFO    ] [req:N/A] [app.main:108] ================================================================================
[2025-11-09 19:19:40] [INFO    ] [req:N/A] [app.main:114] ================================================================================
[2025-11-09 19:19:40] [INFO    ] [req:N/A] [app.main:115] AI YouTuber Studio Backend - Shutting Down
[2025-11-09 19:19:40] [INFO    ] [req:N/A] [app.main:116] ================================================================================
[2025-11-09 19:19:45] [INFO    ] [req:N/A] [root:152] ================================================================================
[2025-11-09 19:19:45] [INFO    ] [req:N/A] [root:153] Logging initialized - Level: INFO, File: /Users/mayursuhasiya/Desktop/Projects/ai-youtuber-studio/backend/logs/app.log
[2025-11-09 19:19:45] [INFO    ] [req:N/A] [root:154] ================================================================================
[2025-11-09 19:19:46] [INFO    ] [req:N/A] [root:152] ================================================================================
[2025-11-09 19:19:46] [INFO    ] [req:N/A] [root:153] Logging initialized - Level: INFO, File: /Users/mayursuhasiya/Desktop/Projects/ai-youtuber-studio/backend/logs/app.log
[2025-11-09 19:19:46] [INFO    ] [req:N/A] [root:154] ================================================================================
[2025-11-09 19:19:46] [INFO    ] [req:N/A] [app.main:22] FastAPI application initialized
[2025-11-09 19:19:46] [INFO    ] [req:N/A] [app.main:93] All API routers registered
[2025-11-09 19:19:46] [INFO    ] [req:N/A] [app.main:97] Redis client initialized: redis://localhost:6379/0
[2025-11-09 19:19:46] [INFO    ] [req:N/A] [app.main:133] Static files mounted from: /Users/mayursuhasiya/Desktop/Projects/ai-youtuber-studio/frontend/dist
[2025-11-09 19:19:46] [INFO    ] [req:N/A] [app.main:104] ================================================================================
[2025-11-09 19:19:46] [INFO    ] [req:N/A] [app.main:105] AI YouTuber Studio Backend - Starting Up
[2025-11-09 19:19:46] [INFO    ] [req:N/A] [app.main:106] Environment: development
[2025-11-09 19:19:46] [INFO    ] [req:N/A] [app.main:107] CORS Origins: ['http://localhost:3000', 'http://localhost:5173', 'https://ai-youtuber-studio.vercel.app/']
[2025-11-09 19:19:46] [INFO    ] [req:N/A] [app.main:108] ================================================================================
[2025-11-09 19:19:55] [INFO    ] [req:bda15869] [app.main:34] Request: GET /api/channels/me [client:127.0.0.1] [user-agent:Mozilla/5.0 (Macintosh; Intel Mac OS X 10_15_7) Ap]
[2025-11-09 19:19:55] [INFO    ] [req:bda15869] [app.main:49] Response: GET /api/channels/me [status:200] [duration:97.31ms]
[2025-11-09 19:19:55] [INFO    ] [req:d63af2dc] [app.main:34] Request: GET /api/channels/me [client:127.0.0.1] [user-agent:Mozilla/5.0 (Macintosh; Intel Mac OS X 10_15_7) Ap]
[2025-11-09 19:19:55] [INFO    ] [req:d63af2dc] [app.main:49] Response: GET /api/channels/me [status:200] [duration:2.13ms]
[2025-11-09 19:19:55] [INFO    ] [req:4368a836] [app.main:34] Request: POST /api/content-studio/analyze-patterns [client:127.0.0.1] [user-agent:Mozilla/5.0 (Macintosh; Intel Mac OS X 10_15_7) Ap]
[2025-11-09 19:19:55] [INFO    ] [req:5b5bf032] [app.main:34] Request: POST /api/content-studio/analyze-patterns [client:127.0.0.1] [user-agent:Mozilla/5.0 (Macintosh; Intel Mac OS X 10_15_7) Ap]
[2025-11-09 19:19:58] [INFO    ] [req:4368a836] [app.services.vector_store:22] Initializing VectorStore - ChromaDB at localhost:8001
[2025-11-09 19:20:08] [INFO    ] [req:4368a836] [app.services.vector_store:39] VectorStore initialized - collection: video_transcripts, existing chunks: 0
[2025-11-09 19:20:39] [INFO    ] [req:4368a836] [app.main:49] Response: POST /api/content-studio/analyze-patterns [status:200] [duration:44101.30ms]
[2025-11-09 19:20:39] [INFO    ] [req:5b5bf032] [app.main:49] Response: POST /api/content-studio/analyze-patterns [status:200] [duration:44108.10ms]
[2025-11-09 19:22:38] [INFO    ] [req:18e201d0] [app.main:34] Request: GET /api/channels/me [client:127.0.0.1] [user-agent:Mozilla/5.0 (Macintosh; Intel Mac OS X 10_15_7) Ap]
[2025-11-09 19:22:38] [INFO    ] [req:18e201d0] [app.main:49] Response: GET /api/channels/me [status:200] [duration:27.93ms]
[2025-11-09 19:22:38] [INFO    ] [req:3dbdaf44] [app.main:34] Request: GET /api/channels/me [client:127.0.0.1] [user-agent:Mozilla/5.0 (Macintosh; Intel Mac OS X 10_15_7) Ap]
[2025-11-09 19:22:38] [INFO    ] [req:3dbdaf44] [app.main:49] Response: GET /api/channels/me [status:200] [duration:6.25ms]
[2025-11-09 19:22:38] [INFO    ] [req:6363d512] [app.main:34] Request: POST /api/content-studio/analyze-patterns [client:127.0.0.1] [user-agent:Mozilla/5.0 (Macintosh; Intel Mac OS X 10_15_7) Ap]
[2025-11-09 19:22:38] [INFO    ] [req:2becf154] [app.main:34] Request: POST /api/content-studio/analyze-patterns [client:127.0.0.1] [user-agent:Mozilla/5.0 (Macintosh; Intel Mac OS X 10_15_7) Ap]
[2025-11-09 19:28:34] [INFO    ] [req:N/A] [root:152] ================================================================================
[2025-11-09 19:28:34] [INFO    ] [req:N/A] [root:153] Logging initialized - Level: INFO, File: /Users/mayursuhasiya/Desktop/Projects/ai-youtuber-studio/backend/logs/app.log
[2025-11-09 19:28:34] [INFO    ] [req:N/A] [root:154] ================================================================================
[2025-11-09 19:28:36] [INFO    ] [req:N/A] [root:152] ================================================================================
[2025-11-09 19:28:36] [INFO    ] [req:N/A] [root:153] Logging initialized - Level: INFO, File: /Users/mayursuhasiya/Desktop/Projects/ai-youtuber-studio/backend/logs/app.log
[2025-11-09 19:28:36] [INFO    ] [req:N/A] [root:154] ================================================================================
[2025-11-09 19:28:36] [INFO    ] [req:N/A] [app.main:22] FastAPI application initialized
[2025-11-09 19:28:36] [INFO    ] [req:N/A] [app.main:93] All API routers registered
[2025-11-09 19:28:36] [INFO    ] [req:N/A] [app.main:97] Redis client initialized: redis://localhost:6379/0
[2025-11-09 19:28:36] [INFO    ] [req:N/A] [app.main:133] Static files mounted from: /Users/mayursuhasiya/Desktop/Projects/ai-youtuber-studio/frontend/dist
[2025-11-09 19:28:36] [INFO    ] [req:N/A] [app.main:104] ================================================================================
[2025-11-09 19:28:36] [INFO    ] [req:N/A] [app.main:105] AI YouTuber Studio Backend - Starting Up
[2025-11-09 19:28:36] [INFO    ] [req:N/A] [app.main:106] Environment: development
[2025-11-09 19:28:36] [INFO    ] [req:N/A] [app.main:107] CORS Origins: ['http://localhost:3000', 'http://localhost:5173', 'https://ai-youtuber-studio.vercel.app/']
[2025-11-09 19:28:36] [INFO    ] [req:N/A] [app.main:108] ================================================================================
[2025-11-09 19:28:45] [INFO    ] [req:N/A] [root:152] ================================================================================
[2025-11-09 19:28:45] [INFO    ] [req:N/A] [root:153] Logging initialized - Level: INFO, File: /Users/mayursuhasiya/Desktop/Projects/ai-youtuber-studio/backend/logs/app.log
[2025-11-09 19:28:45] [INFO    ] [req:N/A] [root:154] ================================================================================
[2025-11-09 19:28:46] [INFO    ] [req:N/A] [root:152] ================================================================================
[2025-11-09 19:28:46] [INFO    ] [req:N/A] [root:153] Logging initialized - Level: INFO, File: /Users/mayursuhasiya/Desktop/Projects/ai-youtuber-studio/backend/logs/app.log
[2025-11-09 19:28:46] [INFO    ] [req:N/A] [root:154] ================================================================================
[2025-11-09 19:28:46] [INFO    ] [req:N/A] [app.main:22] FastAPI application initialized
[2025-11-09 19:28:46] [INFO    ] [req:N/A] [app.main:93] All API routers registered
[2025-11-09 19:28:46] [INFO    ] [req:N/A] [app.main:97] Redis client initialized: redis://localhost:6379/0
[2025-11-09 19:28:46] [INFO    ] [req:N/A] [app.main:133] Static files mounted from: /Users/mayursuhasiya/Desktop/Projects/ai-youtuber-studio/frontend/dist
[2025-11-09 19:28:46] [INFO    ] [req:N/A] [app.main:104] ================================================================================
[2025-11-09 19:28:46] [INFO    ] [req:N/A] [app.main:105] AI YouTuber Studio Backend - Starting Up
[2025-11-09 19:28:46] [INFO    ] [req:N/A] [app.main:106] Environment: development
[2025-11-09 19:28:46] [INFO    ] [req:N/A] [app.main:107] CORS Origins: ['http://localhost:3000', 'http://localhost:5173', 'https://ai-youtuber-studio.vercel.app/']
[2025-11-09 19:28:46] [INFO    ] [req:N/A] [app.main:108] ================================================================================
[2025-11-09 19:28:46] [INFO    ] [req:e762c85b] [app.main:34] Request: GET /api/channels/me [client:127.0.0.1] [user-agent:Mozilla/5.0 (Macintosh; Intel Mac OS X 10_15_7) Ap]
[2025-11-09 19:28:46] [INFO    ] [req:e762c85b] [app.main:49] Response: GET /api/channels/me [status:200] [duration:70.82ms]
[2025-11-09 19:28:46] [INFO    ] [req:0ce11fe4] [app.main:34] Request: GET /api/channels/me [client:127.0.0.1] [user-agent:Mozilla/5.0 (Macintosh; Intel Mac OS X 10_15_7) Ap]
[2025-11-09 19:28:46] [INFO    ] [req:0ce11fe4] [app.main:49] Response: GET /api/channels/me [status:200] [duration:6.57ms]
[2025-11-09 19:28:46] [INFO    ] [req:0be1b690] [app.main:34] Request: GET /api/channels/me [client:127.0.0.1] [user-agent:Mozilla/5.0 (Macintosh; Intel Mac OS X 10_15_7) Ap]
[2025-11-09 19:28:46] [INFO    ] [req:0be1b690] [app.main:49] Response: GET /api/channels/me [status:200] [duration:3.64ms]
[2025-11-09 19:28:51] [INFO    ] [req:e9051c1d] [app.main:34] Request: POST /api/content-studio/analyze-patterns [client:127.0.0.1] [user-agent:Mozilla/5.0 (Macintosh; Intel Mac OS X 10_15_7) Ap]
[2025-11-09 19:28:51] [INFO    ] [req:7ff47879] [app.main:34] Request: GET /api/channels/me [client:127.0.0.1] [user-agent:Mozilla/5.0 (Macintosh; Intel Mac OS X 10_15_7) Ap]
[2025-11-09 19:28:51] [INFO    ] [req:21ad5cb2] [app.main:34] Request: POST /api/content-studio/analyze-patterns [client:127.0.0.1] [user-agent:Mozilla/5.0 (Macintosh; Intel Mac OS X 10_15_7) Ap]
[2025-11-09 19:28:56] [INFO    ] [req:e9051c1d] [app.services.vector_store:22] Initializing VectorStore - ChromaDB at localhost:8001
[2025-11-09 19:29:10] [INFO    ] [req:e9051c1d] [app.services.vector_store:39] VectorStore initialized - collection: video_transcripts, existing chunks: 0
[2025-11-09 19:33:43] [INFO    ] [req:7ff47879] [app.main:49] Response: GET /api/channels/me [status:200] [duration:292057.27ms]
[2025-11-09 19:33:45] [INFO    ] [req:e9051c1d] [app.main:49] Response: POST /api/content-studio/analyze-patterns [status:200] [duration:293420.32ms]
[2025-11-09 19:33:45] [INFO    ] [req:21ad5cb2] [app.main:49] Response: POST /api/content-studio/analyze-patterns [status:200] [duration:293418.20ms]
